year,make,model,body_style(s),image_source(s)
2014,Acura,ILX,['Sedan'],{'Sedan': 'https://file.kelleybluebookimages.com/kbb/base/house/2014/2014-Acura-ILX-FrontSide_ACILX141_640x480.jpg?interpolation=high-quality&downsize=391:*'}
2014,Acura,MDX,['SUV'],{'SUV': 'https://file.kelleybluebookimages.com/kbb/base/house/2014/2014-Acura-MDX-FrontSide_ATMDX141_640x480.jpg?interpolation=high-quality&downsize=391:*'}
2014,Acura,RDX,['SUV'],{'SUV': 'https://file.kelleybluebookimages.com/kbb/base/house/2014/2014-Acura-RDX-FrontSide_ATRDX141_640x480.jpg?interpolation=high-quality&downsize=391:*'}
2014,Acura,RLX,['Sedan'],{'Sedan': 'https://file.kelleybluebookimages.com/kbb/base/house/2014/2014-Acura-RLX-FrontSide_ACRLX141_640x480.jpg?interpolation=high-quality&downsize=391:*'}
2014,Acura,RLX Sport Hybrid,['Sedan'],{'Sedan': 'https://file.kelleybluebookimages.com/kbb/base/house/2014/2014-Acura-RLX%20Sport%20Hybrid-FrontSide_ACRLXSHH1401_640x480.jpg?interpolation=high-quality&downsize=391:*'}
2014,Acura,TL,['Sedan'],{'Sedan': 'https://file.kelleybluebookimages.com/kbb/base/house/2014/2014-Acura-TL-FrontSide_ACTLSE141_640x480.jpg?interpolation=high-quality&downsize=391:*'}
2014,Acura,TSX,"['Sedan', 'Wagon']","{'Sedan': 'https://file.kelleybluebookimages.com/kbb/base/house/2014/2014-Acura-TSX-FrontSide_ACTSX141_640x480.jpg?interpolation=high-quality&downsize=391:*', 'Wagon': 'https://file.kelleybluebookimages.com/kbb/base/house/2014/2014-Acura-TSX-FrontSide_ACTSXW141_640x480.jpg?interpolation=high-quality&downsize=391:*'}"
2014,Aston Martin,DB9,"['Coupe', 'Convertible']","{'Convertible': 'https://file.kelleybluebookimages.com/kbb/base/house/2014/2014-Aston%20Martin-DB9-FrontSide_ARDB9R141_640x480.jpg?interpolation=high-quality&downsize=391:*', 'Coupe': 'https://file.kelleybluebookimages.com/kbb/base/house/2014/2014-Aston%20Martin-DB9-FrontSide_ARDB9141_640x480.jpg?interpolation=high-quality&downsize=391:*'}"
2014,Aston Martin,Rapide S,['Sedan'],{'Sedan': 'https://file.kelleybluebookimages.com/kbb/base/house/2014/2014-Aston%20Martin-Rapide%20S-FrontSide_ARRAPS141_640x480.jpg?interpolation=high-quality&downsize=391:*'}
2014,Aston Martin,Vanquish,"['Coupe', 'Convertible']","{'Convertible': 'https://file.kelleybluebookimages.com/kbb/base/house/2014/2014-Aston%20Martin-Vanquish-FrontSide_ARVANQV141_640x480.jpg?interpolation=high-quality&downsize=391:*', 'Coupe': 'https://file.kelleybluebookimages.com/kbb/base/house/2014/2014-Aston%20Martin-Vanquish-FrontSide_ARVANQ141_640x480.jpg?interpolation=high-quality&downsize=391:*'}"
2014,Aston Martin,Vantage,"['Coupe', 'Convertible']","{'Convertible': 'https://file.kelleybluebookimages.com/kbb/base/house/2014/2014-Aston%20Martin-Vantage-FrontSide_ARVANR141_640x480.jpg?interpolation=high-quality&downsize=391:*', 'Coupe': 'https://file.kelleybluebookimages.com/kbb/base/house/2014/2014-Aston%20Martin-Vantage-FrontSide_ARVAN141_640x480.jpg?interpolation=high-quality&downsize=391:*'}"
2014,Audi,A4,['Sedan'],{'Sedan': 'https://file.kelleybluebookimages.com/kbb/base/evox/StJ/8936/2014-Audi-A4-front-angle3_8936_089_640x480.jpg?interpolation=high-quality&downsize=391:*'}
2014,Audi,A5,"['Coupe', 'Convertible']","{'Convertible': 'https://file.kelleybluebookimages.com/kbb/base/house/2014/2014-Audi-A5-FrontSide_AUA5CABB141_640x480.jpg?interpolation=high-quality&downsize=391:*', 'Coupe': 'https://file.kelleybluebookimages.com/kbb/base/house/2014/2014-Audi-A5-FrontSide_AUA55141_640x480.jpg?interpolation=high-quality&downsize=391:*'}"
2014,Audi,A6,['Sedan'],{'Sedan': 'https://file.kelleybluebookimages.com/kbb/base/house/2014/2014-Audi-A6-FrontSide_AUA6141_640x480.jpg?interpolation=high-quality&downsize=391:*'}
2014,Audi,A7,['Sedan'],{'Sedan': 'https://file.kelleybluebookimages.com/kbb/base/house/2014/2014-Audi-A7-FrontSide_AUA7141_640x480.jpg?interpolation=high-quality&downsize=391:*'}
2014,Audi,A8,['Sedan'],{'Sedan': 'https://file.kelleybluebookimages.com/kbb/base/house/2014/2014-Audi-A8-FrontSide_AUA8141_640x480.jpg?interpolation=high-quality&downsize=391:*'}
2014,Audi,allroad,['Wagon'],{'Wagon': 'https://file.kelleybluebookimages.com/kbb/base/house/2014/2014-Audi-allroad-FrontSide_AUARL141_640x480.jpg?interpolation=high-quality&downsize=391:*'}
2014,Audi,Q5,['SUV'],{'SUV': 'https://file.kelleybluebookimages.com/kbb/base/house/2014/2014-Audi-Q5-FrontSide_AQQ5141_640x480.jpg?interpolation=high-quality&downsize=391:*'}
2014,Audi,Q7,['SUV'],{'SUV': 'https://file.kelleybluebookimages.com/kbb/base/evox/StJ/8945/2014-Audi-Q7-front-angle3_8945_089_640x480.jpg?interpolation=high-quality&downsize=391:*'}
2014,Audi,R8,"['Coupe', 'Convertible']","{'Convertible': 'https://file.kelleybluebookimages.com/kbb/base/house/2014/2014-Audi-R8-FrontSide_AUR8R141_640x480.jpg?interpolation=high-quality&downsize=391:*', 'Coupe': 'https://file.kelleybluebookimages.com/kbb/base/house/2014/2014-Audi-R8-FrontSide_AUR8C141_640x480.jpg?interpolation=high-quality&downsize=391:*'}"
2014,Audi,RS 5,"['Convertible', 'Coupe']","{'Convertible': 'https://file.kelleybluebookimages.com/kbb/base/house/2014/2014-Audi-RS%205-FrontSide_AURS5R141_640x480.jpg?interpolation=high-quality&downsize=391:*', 'Coupe': 'https://file.kelleybluebookimages.com/kbb/base/house/2014/2014-Audi-RS%205-FrontSide_AURS5141_640x480.jpg?interpolation=high-quality&downsize=391:*'}"
2014,Audi,RS 7,['Sedan'],{'Sedan': 'https://file.kelleybluebookimages.com/kbb/base/house/2014/2014-Audi-RS%207-FrontSide_AURS7141_640x480.jpg?interpolation=high-quality&downsize=391:*'}
2014,Audi,S4,['Sedan'],{'Sedan': 'https://file.kelleybluebookimages.com/kbb/base/house/2014/2014-Audi-S4-FrontSide_AUS4141_640x480.jpg?interpolation=high-quality&downsize=391:*'}
2014,Audi,S5,"['Convertible', 'Coupe']","{'Convertible': 'https://file.kelleybluebookimages.com/kbb/base/house/2014/2014-Audi-S5-FrontSide_AUS5CAB141_640x480.jpg?interpolation=high-quality&downsize=391:*', 'Coupe': 'https://file.kelleybluebookimages.com/kbb/base/house/2014/2014-Audi-S5-FrontSide_AUS5141_640x480.jpg?interpolation=high-quality&downsize=391:*'}"
2014,Audi,S6,['Sedan'],{'Sedan': 'https://file.kelleybluebookimages.com/kbb/base/house/2014/2014-Audi-S6-FrontSide_AUS6141_640x480.jpg?interpolation=high-quality&downsize=391:*'}
2014,Audi,S7,['Sedan'],{'Sedan': 'https://file.kelleybluebookimages.com/kbb/base/house/2014/2014-Audi-S7-FrontSide_AUS7141_640x480.jpg?interpolation=high-quality&downsize=391:*'}
2014,Audi,S8,['Sedan'],{'Sedan': 'https://file.kelleybluebookimages.com/kbb/base/house/2014/2014-Audi-S8-FrontSide_AUS8141_640x480.jpg?interpolation=high-quality&downsize=391:*'}
2014,Audi,SQ5,['SUV'],{'SUV': 'https://file.kelleybluebookimages.com/kbb/base/house/2014/2014-Audi-SQ5-FrontSide_AUSQ5141_640x480.jpg?interpolation=high-quality&downsize=391:*'}
2014,Audi,TT,"['Coupe', 'Convertible']","{'Convertible': 'https://file.kelleybluebookimages.com/kbb/base/house/2014/2014-Audi-TT-FrontSide_AUTTRO141_640x480.jpg?interpolation=high-quality&downsize=391:*', 'Coupe': 'https://file.kelleybluebookimages.com/kbb/base/house/2014/2014-Audi-TT-FrontSide_AUTTC141_640x480.jpg?interpolation=high-quality&downsize=391:*'}"
2014,Bentley,Continental,"['Coupe', 'Convertible']","{'Convertible': 'https://file.kelleybluebookimages.com/kbb/base/house/2014/2014-Bentley-Continental-FrontSide_BYGTCV8141_640x480.jpg?interpolation=high-quality&downsize=391:*', 'Coupe': 'https://file.kelleybluebookimages.com/kbb/base/house/2014/2014-Bentley-Continental-FrontSide_BYGTW12141_640x480.jpg?interpolation=high-quality&downsize=391:*'}"
2014,Bentley,Flying Spur,['Sedan'],{'Sedan': 'https://file.kelleybluebookimages.com/kbb/base/house/2014/2014-Bentley-Flying%20Spur-FrontSide_BYFS141_640x480.jpg?interpolation=high-quality&downsize=391:*'}
2014,Bentley,Mulsanne,['Sedan'],{'Sedan': 'https://file.kelleybluebookimages.com/kbb/base/house/2014/2014-Bentley-Mulsanne-FrontSide_BYMUL141_640x480.jpg?interpolation=high-quality&downsize=391:*'}
2014,BMW,2 Series,['Coupe'],{'Coupe': 'https://file.kelleybluebookimages.com/kbb/base/house/2014/2014-BMW-2%20Series-FrontSide_BM2S141_640x480.jpg?interpolation=high-quality&downsize=391:*'}
2014,BMW,3 Series,"['Wagon', 'Sedan']","{'Sedan': 'https://file.kelleybluebookimages.com/kbb/base/house/2014/2014-BMW-3%20Series-FrontSide_BM3SED141_640x480.jpg?interpolation=high-quality&downsize=391:*', 'Wagon': 'https://file.kelleybluebookimages.com/kbb/base/evox/StJ/9491/2014-BMW-3%20Series-front-angle3_9491_089_640x480.jpg?interpolation=high-quality&downsize=391:*'}"
2014,BMW,4 Series,"['Coupe', 'Convertible']","{'Convertible': 'https://file.kelleybluebookimages.com/kbb/base/house/2014/2014-BMW-4%20Series-FrontSide_BM4CONV141_640x480.jpg?interpolation=high-quality&downsize=391:*', 'Coupe': 'https://file.kelleybluebookimages.com/kbb/base/house/2014/2014-BMW-4%20Series-FrontSide_BM4141_640x480.jpg?interpolation=high-quality&downsize=391:*'}"
2014,BMW,5 Series,['Sedan'],{'Sedan': 'https://file.kelleybluebookimages.com/kbb/base/house/2014/2014-BMW-5%20Series-FrontSide_BM5141_640x480.jpg?interpolation=high-quality&downsize=391:*'}
2014,BMW,6 Series,"['Coupe', 'Convertible']","{'Convertible': 'https://file.kelleybluebookimages.com/kbb/base/house/2014/2014-BMW-6%20Series-FrontSide_BM6R141_640x480.jpg?interpolation=high-quality&downsize=391:*', 'Coupe': 'https://file.kelleybluebookimages.com/kbb/base/house/2014/2014-BMW-6%20Series-FrontSide_BM6C141_640x480.jpg?interpolation=high-quality&downsize=391:*'}"
2014,BMW,7 Series,['Sedan'],{'Sedan': 'https://file.kelleybluebookimages.com/kbb/base/house/2014/2014-BMW-7%20Series-FrontSide_BM7141_640x480.jpg?interpolation=high-quality&downsize=391:*'}
2014,BMW,i3,['Hatchback'],{'Hatchback': 'https://file.kelleybluebookimages.com/kbb/base/house/2014/2014-BMW-i3-FrontSide_BMI3141_640x480.jpg?interpolation=high-quality&downsize=391:*'}
2014,BMW,i8,['Coupe'],{'Coupe': 'https://file.kelleybluebookimages.com/kbb/base/house/2014/2014-BMW-i8-FrontSide_BMI8141_640x480.jpg?interpolation=high-quality&downsize=391:*'}
2014,BMW,M5,['Sedan'],{'Sedan': 'https://file.kelleybluebookimages.com/kbb/base/house/2014/2014-BMW-M5-FrontSide_BMM5141_640x480.jpg?interpolation=high-quality&downsize=391:*'}
2014,BMW,M6,"['Coupe', 'Convertible']","{'Convertible': 'https://file.kelleybluebookimages.com/kbb/base/house/2014/2014-BMW-M6-FrontSide_BMM6R141_640x480.jpg?interpolation=high-quality&downsize=391:*', 'Coupe': 'https://file.kelleybluebookimages.com/kbb/base/house/2014/2014-BMW-M6-FrontSide_BMM6C141_640x480.jpg?interpolation=high-quality&downsize=391:*'}"
2014,BMW,X1,['SUV'],{'SUV': 'https://file.kelleybluebookimages.com/kbb/base/house/2014/2014-BMW-X1-FrontSide_BMX1141_640x480.jpg?interpolation=high-quality&downsize=391:*'}
2014,BMW,X3,['SUV'],{'SUV': 'https://file.kelleybluebookimages.com/kbb/base/house/2014/2014-BMW-X3-FrontSide_BTX3141_640x480.jpg?interpolation=high-quality&downsize=391:*'}
2014,BMW,X5,['SUV'],{'SUV': 'https://file.kelleybluebookimages.com/kbb/base/house/2014/2014-BMW-X5-FrontSide_BTX5141_640x480.jpg?interpolation=high-quality&downsize=391:*'}
2014,BMW,X6,['SUV'],{'SUV': 'https://file.kelleybluebookimages.com/kbb/base/house/2014/2014-BMW-X6-FrontSide_BTX6141_640x480.jpg?interpolation=high-quality&downsize=391:*'}
2014,BMW,X6 M,['SUV'],{'SUV': 'https://file.kelleybluebookimages.com/kbb/base/house/2014/2014-BMW-X6%20M-FrontSide_BTX6M141_640x480.jpg?interpolation=high-quality&downsize=391:*'}
2014,BMW,Z4,['Convertible'],{'Convertible': 'https://file.kelleybluebookimages.com/kbb/base/house/2014/2014-BMW-Z4-FrontSide_BMZ428I141_640x480.jpg?interpolation=high-quality&downsize=391:*'}
2014,Buick,Enclave,['SUV'],{'SUV': 'https://file.kelleybluebookimages.com/kbb/base/evox/StJ/8998/2014-Buick-Enclave-front-angle3_8998_089_640x480.jpg?interpolation=high-quality&downsize=391:*'}
2014,Buick,Encore,['SUV'],{'SUV': 'https://file.kelleybluebookimages.com/kbb/base/house/2014/2014-Buick-Encore-FrontSide_BSENCO141_640x480.jpg?interpolation=high-quality&downsize=391:*'}
2014,Buick,LaCrosse,['Sedan'],{'Sedan': 'https://file.kelleybluebookimages.com/kbb/base/house/2014/2014-Buick-LaCrosse-FrontSide_BULCS141_640x480.jpg?interpolation=high-quality&downsize=391:*'}
2014,Buick,Regal,['Sedan'],{'Sedan': 'https://file.kelleybluebookimages.com/kbb/base/house/2014/2014-Buick-Regal-FrontSide_BUREG141_640x480.jpg?interpolation=high-quality&downsize=391:*'}
2014,Buick,Verano,['Sedan'],{'Sedan': 'https://file.kelleybluebookimages.com/kbb/base/house/2014/2014-Buick-Verano-FrontSide_BUVER141_640x480.jpg?interpolation=high-quality&downsize=391:*'}
2014,Cadillac,ATS,['Sedan'],{'Sedan': 'https://file.kelleybluebookimages.com/kbb/base/house/2014/2014-Cadillac-ATS-FrontSide_CAATS141_640x480.jpg?interpolation=high-quality&downsize=391:*'}
2014,Cadillac,CTS,"['Sedan', 'Coupe', 'Wagon']","{'Sedan': 'https://file.kelleybluebookimages.com/kbb/base/house/2014/2014-Cadillac-CTS-FrontSide_CACTS141_640x480.jpg?interpolation=high-quality&downsize=391:*', 'Wagon': 'https://file.kelleybluebookimages.com/kbb/base/house/2014/2014-Cadillac-CTS-FrontSide_CACTW141_640x480.jpg?interpolation=high-quality&downsize=391:*', 'Coupe': 'https://file.kelleybluebookimages.com/kbb/base/house/2014/2014-Cadillac-CTS-FrontSide_CACTC141_640x480.jpg?interpolation=high-quality&downsize=391:*'}"
2014,Cadillac,ELR,['Coupe'],{'Coupe': 'https://file.kelleybluebookimages.com/kbb/base/house/2014/2014-Cadillac-ELR-FrontSide_CAELR141_640x480.jpg?interpolation=high-quality&downsize=391:*'}
2014,Cadillac,Escalade,['SUV'],{'SUV': 'https://file.kelleybluebookimages.com/kbb/base/evox/StJ/9011/2014-Cadillac-Escalade-front-angle3_9011_089_640x480.jpg?interpolation=high-quality&downsize=391:*'}
2014,Cadillac,Escalade ESV,['SUV'],{'SUV': 'https://file.kelleybluebookimages.com/kbb/base/house/2014/2014-Cadillac-Escalade%20ESV-FrontSide_CSESCESV141_640x480.jpg?interpolation=high-quality&downsize=391:*'}
2014,Cadillac,SRX,['SUV'],{'SUV': 'https://file.kelleybluebookimages.com/kbb/base/house/2014/2014-Cadillac-SRX-FrontSide_CSSRX141_640x480.jpg?interpolation=high-quality&downsize=391:*'}
2014,Cadillac,XTS,['Sedan'],{'Sedan': 'https://file.kelleybluebookimages.com/kbb/base/house/2014/2014-Cadillac-XTS-FrontSide_CAXTS141_640x480.jpg?interpolation=high-quality&downsize=391:*'}
2014,Chevrolet,Camaro,"['Coupe', 'Convertible']","{'Convertible': 'https://file.kelleybluebookimages.com/kbb/base/house/2014/2014-Chevrolet-Camaro-FrontSide_CHCAMCNV141_640x480.jpg?interpolation=high-quality&downsize=391:*', 'Coupe': 'https://file.kelleybluebookimages.com/kbb/base/house/2014/2014-Chevrolet-Camaro-FrontSide_CHCAMCPE141_640x480.jpg?interpolation=high-quality&downsize=391:*'}"
2014,Chevrolet,Captiva Sport,['SUV'],{'SUV': 'https://file.kelleybluebookimages.com/kbb/base/house/2014/2014-Chevrolet-Captiva%20Sport-FrontSide_CTCAPSP141_640x480.jpg?interpolation=high-quality&downsize=391:*'}
2014,Chevrolet,Corvette,"['Coupe', 'Convertible']","{'Convertible': 'https://file.kelleybluebookimages.com/kbb/base/house/2014/2014-Chevrolet-Corvette-FrontSide_CHCORSTR141_640x480.jpg?interpolation=high-quality&downsize=391:*', 'Coupe': 'https://file.kelleybluebookimages.com/kbb/base/house/2014/2014-Chevrolet-Corvette-FrontSide_CHCORST141_640x480.jpg?interpolation=high-quality&downsize=391:*'}"
2014,Chevrolet,Cruze,['Sedan'],{'Sedan': 'https://file.kelleybluebookimages.com/kbb/base/house/2014/2014-Chevrolet-Cruze-FrontSide_CHCRUZE141_640x480.jpg?interpolation=high-quality&downsize=391:*'}
2014,Chevrolet,Equinox,['SUV'],{'SUV': 'https://file.kelleybluebookimages.com/kbb/base/house/2014/2014-Chevrolet-Equinox-FrontSide_CTEQU141_640x480.jpg?interpolation=high-quality&downsize=391:*'}
2014,Chevrolet,Express 1500 Cargo,['Van/Minivan'],{'Van/Minivan': 'https://file.kelleybluebookimages.com/kbb/base/house/2014/2014-Chevrolet-Express%201500%20Cargo-FrontSide_CTEXC141_640x480.jpg?interpolation=high-quality&downsize=391:*'}
2014,Chevrolet,Express 1500 Passenger,['Van/Minivan'],{'Van/Minivan': 'https://file.kelleybluebookimages.com/kbb/base/house/2014/2014-Chevrolet-Express%201500%20Passenger-FrontSide_CTEXP141_640x480.jpg?interpolation=high-quality&downsize=391:*'}
2014,Chevrolet,Express 2500 Cargo,['Van/Minivan'],{'Van/Minivan': 'https://file.kelleybluebookimages.com/kbb/base/house/2014/2014-Chevrolet-Express%202500%20Cargo-FrontSide_CTEXC141_640x480.jpg?interpolation=high-quality&downsize=391:*'}
2014,Chevrolet,Express 2500 Passenger,['Van/Minivan'],{'Van/Minivan': 'https://file.kelleybluebookimages.com/kbb/base/house/2014/2014-Chevrolet-Express%202500%20Passenger-FrontSide_CTEXP141_640x480.jpg?interpolation=high-quality&downsize=391:*'}
2014,Chevrolet,Express 3500 Cargo,['Van/Minivan'],{'Van/Minivan': 'https://file.kelleybluebookimages.com/kbb/base/house/2014/2014-Chevrolet-Express%203500%20Cargo-FrontSide_CTEXC141_640x480.jpg?interpolation=high-quality&downsize=391:*'}
2014,Chevrolet,Express 3500 Passenger,['Van/Minivan'],{'Van/Minivan': 'https://file.kelleybluebookimages.com/kbb/base/house/2014/2014-Chevrolet-Express%203500%20Passenger-FrontSide_CTEXP141_640x480.jpg?interpolation=high-quality&downsize=391:*'}
2014,Chevrolet,Impala,['Sedan'],{'Sedan': 'https://file.kelleybluebookimages.com/kbb/base/house/2014/2014-Chevrolet-Impala-FrontSide_CHIMP141_640x480.jpg?interpolation=high-quality&downsize=391:*'}
2014,Chevrolet,Impala Limited,['Sedan'],{'Sedan': 'https://file.kelleybluebookimages.com/kbb/base/house/2014/2014-Chevrolet-Impala%20Limited-FrontSide_CHIMPL141_640x480.jpg?interpolation=high-quality&downsize=391:*'}
2014,Chevrolet,Malibu,['Sedan'],{'Sedan': 'https://file.kelleybluebookimages.com/kbb/base/house/2014/2014-Chevrolet-Malibu-FrontSide_CHMALI141_640x480.jpg?interpolation=high-quality&downsize=391:*'}
2014,Chevrolet,Silverado 1500 Crew Cab,['Pickup'],{'Pickup': 'https://file.kelleybluebookimages.com/kbb/base/house/2014/2014-Chevrolet-Silverado%201500%20Crew%20Cab-FrontSide_CTS1C141_640x480.jpg?interpolation=high-quality&downsize=391:*'}
2014,Chevrolet,Silverado 1500 Double Cab,['Pickup'],{'Pickup': 'https://file.kelleybluebookimages.com/kbb/base/evox/StJ/9467/2014-Chevrolet-Silverado%201500%20Double%20Cab-front-angle3_9467_089_640x480.jpg?interpolation=high-quality&downsize=391:*'}
2014,Chevrolet,Silverado 1500 Regular Cab,['Pickup'],{'Pickup': 'https://file.kelleybluebookimages.com/kbb/base/house/2014/2014-Chevrolet-Silverado%201500%20Regular%20Cab-FrontSide_CTS15R141_640x480.jpg?interpolation=high-quality&downsize=391:*'}
2014,Chevrolet,Silverado 2500 HD Crew Cab,['Pickup'],{'Pickup': 'https://file.kelleybluebookimages.com/kbb/base/house/2014/2014-Chevrolet-Silverado%202500%20HD%20Crew%20Cab-FrontSide_CTS2C141_640x480.jpg?interpolation=high-quality&downsize=391:*'}
2014,Chevrolet,Silverado 2500 HD Regular Cab,['Pickup'],{'Pickup': 'https://file.kelleybluebookimages.com/kbb/base/evox/StJ/8913/2014-Chevrolet-Silverado%202500%20HD%20Regular%20Cab-front-angle3_8913_089_640x480.jpg?interpolation=high-quality&downsize=391:*'}
2014,Chevrolet,Silverado 3500 HD Crew Cab,['Pickup'],{'Pickup': 'https://file.kelleybluebookimages.com/kbb/base/evox/StJ/8970/2014-Chevrolet-Silverado%203500%20HD%20Crew%20Cab-front-angle3_8970_089_640x480.jpg?interpolation=high-quality&downsize=391:*'}
2014,Chevrolet,Silverado 3500 HD Regular Cab,['Pickup'],{'Pickup': 'https://file.kelleybluebookimages.com/kbb/base/house/2014/2014-Chevrolet-Silverado%203500%20HD%20Regular%20Cab-FrontSide_CTS2R141_640x480.jpg?interpolation=high-quality&downsize=391:*'}
2014,Chevrolet,Sonic,"['Sedan', 'Hatchback']","{'Sedan': 'https://file.kelleybluebookimages.com/kbb/base/house/2014/2014-Chevrolet-Sonic-FrontSide_CHSONS141_640x480.jpg?interpolation=high-quality&downsize=391:*', 'Hatchback': 'https://file.kelleybluebookimages.com/kbb/base/house/2014/2014-Chevrolet-Sonic-FrontSide_CHSONH141_640x480.jpg?interpolation=high-quality&downsize=391:*'}"
2014,Chevrolet,Spark,['Hatchback'],{'Hatchback': 'https://file.kelleybluebookimages.com/kbb/base/evox/StJ/9219/2014-Chevrolet-Spark-front-angle3_9219_089_640x480.jpg?interpolation=high-quality&downsize=391:*'}
2014,Chevrolet,Spark EV,['Hatchback'],{'Hatchback': 'https://file.kelleybluebookimages.com/kbb/base/house/2014/2014-Chevrolet-Spark%20EV-FrontSide_CHSPAEV141_640x480.jpg?interpolation=high-quality&downsize=391:*'}
2014,Chevrolet,SS,['Sedan'],{'Sedan': 'https://file.kelleybluebookimages.com/kbb/base/house/2014/2014-Chevrolet-SS-FrontSide_CHSS141_640x480.jpg?interpolation=high-quality&downsize=391:*'}
2014,Chevrolet,Suburban 1500,['SUV'],{'SUV': 'https://file.kelleybluebookimages.com/kbb/base/evox/StJ/9468/2014-Chevrolet-Suburban%201500-front-angle3_9468_089_640x480.jpg?interpolation=high-quality&downsize=391:*'}
2014,Chevrolet,Tahoe,['SUV'],{'SUV': 'https://file.kelleybluebookimages.com/kbb/base/house/2014/2014-Chevrolet-Tahoe-FrontSide_CTTAH141_640x480.jpg?interpolation=high-quality&downsize=391:*'}
2014,Chevrolet,Traverse,['SUV'],{'SUV': 'https://file.kelleybluebookimages.com/kbb/base/house/2014/2014-Chevrolet-Traverse-FrontSide_CTTRAV141_640x480.jpg?interpolation=high-quality&downsize=391:*'}
2014,Chevrolet,Volt,['Sedan'],{'Sedan': 'https://file.kelleybluebookimages.com/kbb/base/house/2014/2014-Chevrolet-Volt-FrontSide_CHVOLT141_640x480.jpg?interpolation=high-quality&downsize=391:*'}
2014,Chrysler,200,"['Sedan', 'Convertible']","{'Sedan': 'https://file.kelleybluebookimages.com/kbb/base/house/2014/2014-Chrysler-200-FrontSide_CR200S141_640x480.jpg?interpolation=high-quality&downsize=391:*', 'Convertible': 'https://file.kelleybluebookimages.com/kbb/base/evox/StJ/9449/2014-Chrysler-200-front-angle3_9449_089_640x480.jpg?interpolation=high-quality&downsize=391:*'}"
2014,Chrysler,300,['Sedan'],{'Sedan': 'https://file.kelleybluebookimages.com/kbb/base/house/2014/2014-Chrysler-300-FrontSide_CR300S141_640x480.jpg?interpolation=high-quality&downsize=391:*'}
2014,Chrysler,Town & Country,['Van/Minivan'],{'Van/Minivan': 'https://file.kelleybluebookimages.com/kbb/base/house/2014/2014-Chrysler-Town%20&%20Country-FrontSide_CVTOWN141_640x480.jpg?interpolation=high-quality&downsize=391:*'}
2014,Dodge,Avenger,['Sedan'],{'Sedan': 'https://file.kelleybluebookimages.com/kbb/base/house/2014/2014-Dodge-Avenger-FrontSide_DOAVEN141_640x480.jpg?interpolation=high-quality&downsize=391:*'}
2014,Dodge,Challenger,['Coupe'],{'Coupe': 'https://file.kelleybluebookimages.com/kbb/base/evox/StJ/9045/2014-Dodge-Challenger-front-angle3_9045_089_640x480.jpg?interpolation=high-quality&downsize=391:*'}
2014,Dodge,Charger,['Sedan'],{'Sedan': 'https://file.kelleybluebookimages.com/kbb/base/house/2014/2014-Dodge-Charger-FrontSide_DOCHRG141_640x480.jpg?interpolation=high-quality&downsize=391:*'}
2014,Dodge,Dart,['Sedan'],{'Sedan': 'https://file.kelleybluebookimages.com/kbb/base/house/2014/2014-Dodge-Dart-FrontSide_DODART141_640x480.jpg?interpolation=high-quality&downsize=391:*'}
2014,Dodge,Durango,['SUV'],{'SUV': 'https://file.kelleybluebookimages.com/kbb/base/house/2014/2014-Dodge-Durango-FrontSide_DTDUR141_640x480.jpg?interpolation=high-quality&downsize=391:*'}
2014,Dodge,Grand Caravan Passenger,['Van/Minivan'],{'Van/Minivan': 'https://file.kelleybluebookimages.com/kbb/base/house/2014/2014-Dodge-Grand%20Caravan%20Passenger-FrontSide_DTGC141_640x480.jpg?interpolation=high-quality&downsize=391:*'}
2014,Dodge,Journey,['SUV'],{'SUV': 'https://file.kelleybluebookimages.com/kbb/base/house/2014/2014-Dodge-Journey-FrontSide_DTJOUR141_640x480.jpg?interpolation=high-quality&downsize=391:*'}
2014,Ferrari,458 Italia,['Coupe'],{'Coupe': 'https://file.kelleybluebookimages.com/kbb/base/house/2014/2014-Ferrari-458%20Italia-FrontSide_FEF458IT141_640x480.jpg?interpolation=high-quality&downsize=391:*'}
2014,Ferrari,458 Speciale,['Coupe'],{'Coupe': 'https://file.kelleybluebookimages.com/kbb/base/house/2014/2014-Ferrari-458%20Speciale-FrontSide_FEF458SPE141_640x480.jpg?interpolation=high-quality&downsize=391:*'}
2014,Ferrari,458 Spider,['Convertible'],{'Convertible': 'https://file.kelleybluebookimages.com/kbb/base/house/2014/2014-Ferrari-458%20Spider-FrontSide_FEF458SP141_640x480.jpg?interpolation=high-quality&downsize=391:*'}
2014,Ferrari,California,['Convertible'],{'Convertible': 'https://file.kelleybluebookimages.com/kbb/base/house/2014/2014-Ferrari-California-FrontSide_FECALI141_640x480.jpg?interpolation=high-quality&downsize=391:*'}
2014,Ferrari,F12berlinetta,['Coupe'],{'Coupe': 'https://file.kelleybluebookimages.com/kbb/base/house/2014/2014-Ferrari-F12berlinetta-FrontSide_FEF12141_640x480.jpg?interpolation=high-quality&downsize=391:*'}
2014,Ferrari,FF,['Coupe'],{'Coupe': 'https://file.kelleybluebookimages.com/kbb/base/house/2014/2014-Ferrari-FF-FrontSide_FEFF141_640x480.jpg?interpolation=high-quality&downsize=391:*'}
2014,FIAT,500,['Hatchback'],{'Hatchback': 'https://file.kelleybluebookimages.com/kbb/base/house/2014/2014-FIAT-500-FrontSide_FI500141_640x480.jpg?interpolation=high-quality&downsize=391:*'}
2014,FIAT,500 Abarth,"['Hatchback', 'Convertible']","{'Convertible': 'https://file.kelleybluebookimages.com/kbb/base/house/2014/2014-FIAT-500%20Abarth-FrontSide_FI500ABC141_640x480.jpg?interpolation=high-quality&downsize=391:*', 'Hatchback': 'https://file.kelleybluebookimages.com/kbb/base/house/2014/2014-FIAT-500%20Abarth-FrontSide_FI500AB141_640x480.jpg?interpolation=high-quality&downsize=391:*'}"
2014,FIAT,500c,['Convertible'],{'Convertible': 'https://file.kelleybluebookimages.com/kbb/base/house/2014/2014-FIAT-500c-FrontSide_FI500C141_640x480.jpg?interpolation=high-quality&downsize=391:*'}
2014,FIAT,500e,['Hatchback'],{'Hatchback': 'https://file.kelleybluebookimages.com/kbb/base/house/2014/2014-FIAT-500e-FrontSide_FI500E141_640x480.jpg?interpolation=high-quality&downsize=391:*'}
2014,FIAT,500L,['Hatchback'],{'Hatchback': 'https://file.kelleybluebookimages.com/kbb/base/house/2014/2014-FIAT-500L-FrontSide_FI500L141_640x480.jpg?interpolation=high-quality&downsize=391:*'}
2014,Ford,C-MAX Energi,['Wagon'],{'Wagon': 'https://file.kelleybluebookimages.com/kbb/base/house/2014/2014-Ford-C-MAX%20Energi-FrontSide_FOCMXW141_640x480.jpg?interpolation=high-quality&downsize=391:*'}
2014,Ford,C-MAX Hybrid,['Wagon'],{'Wagon': 'https://file.kelleybluebookimages.com/kbb/base/house/2014/2014-Ford-C-MAX%20Hybrid-FrontSide_FOCMXH141_640x480.jpg?interpolation=high-quality&downsize=391:*'}
2014,Ford,E150 Cargo,['Van/Minivan'],{'Van/Minivan': 'https://file.kelleybluebookimages.com/kbb/base/house/2014/2014-Ford-E150%20Cargo-FrontSide_FTECV141_640x480.jpg?interpolation=high-quality&downsize=391:*'}
2014,Ford,E150 Passenger,['Van/Minivan'],{'Van/Minivan': 'https://file.kelleybluebookimages.com/kbb/base/house/2014/2014-Ford-E150%20Passenger-FrontSide_FTECP141_640x480.jpg?interpolation=high-quality&downsize=391:*'}
2014,Ford,E250 Cargo,['Van/Minivan'],{'Van/Minivan': 'https://file.kelleybluebookimages.com/kbb/base/house/2014/2014-Ford-E250%20Cargo-FrontSide_FTECV141_640x480.jpg?interpolation=high-quality&downsize=391:*'}
2014,Ford,E350 Super Duty Cargo,['Van/Minivan'],{'Van/Minivan': 'https://file.kelleybluebookimages.com/kbb/base/house/2014/2014-Ford-E350%20Super%20Duty%20Cargo-FrontSide_FTECV141_640x480.jpg?interpolation=high-quality&downsize=391:*'}
2014,Ford,E350 Super Duty Passenger,['Van/Minivan'],{'Van/Minivan': 'https://file.kelleybluebookimages.com/kbb/base/house/2014/2014-Ford-E350%20Super%20Duty%20Passenger-FrontSide_FTECP141_640x480.jpg?interpolation=high-quality&downsize=391:*'}
2014,Ford,Edge,['SUV'],{'SUV': 'https://file.kelleybluebookimages.com/kbb/base/house/2014/2014-Ford-Edge-FrontSide_FTEDGE141_640x480.jpg?interpolation=high-quality&downsize=391:*'}
2014,Ford,Escape,['SUV'],{'SUV': 'https://file.kelleybluebookimages.com/kbb/base/house/2014/2014-Ford-Escape-FrontSide_FTESC141_640x480.jpg?interpolation=high-quality&downsize=391:*'}
2014,Ford,Expedition,['SUV'],{'SUV': 'https://file.kelleybluebookimages.com/kbb/base/house/2014/2014-Ford-Expedition-FrontSide_FTEXPED141_640x480.jpg?interpolation=high-quality&downsize=391:*'}
2014,Ford,Expedition EL,['SUV'],{'SUV': 'https://file.kelleybluebookimages.com/kbb/base/house/2014/2014-Ford-Expedition%20EL-FrontSide_FTEXPED141_640x480.jpg?interpolation=high-quality&downsize=391:*'}
2014,Ford,Explorer,['SUV'],{'SUV': 'https://file.kelleybluebookimages.com/kbb/base/house/2014/2014-Ford-Explorer-FrontSide_FTEXP141_640x480.jpg?interpolation=high-quality&downsize=391:*'}
2014,Ford,F150 Regular Cab,['Pickup'],{'Pickup': 'https://file.kelleybluebookimages.com/kbb/base/house/2014/2014-Ford-F150%20Regular%20Cab-FrontSide_FT15R141_640x480.jpg?interpolation=high-quality&downsize=391:*'}
2014,Ford,F150 Super Cab,['Pickup'],{'Pickup': 'https://file.kelleybluebookimages.com/kbb/base/house/2014/2014-Ford-F150%20Super%20Cab-FrontSide_FT15E141_640x480.jpg?interpolation=high-quality&downsize=391:*'}
2014,Ford,F150 SuperCrew Cab,['Pickup'],{'Pickup': 'https://file.kelleybluebookimages.com/kbb/base/house/2014/2014-Ford-F150%20SuperCrew%20Cab-FrontSide_FT15C141_640x480.jpg?interpolation=high-quality&downsize=391:*'}
2014,Ford,F250 Super Duty Crew Cab,['Pickup'],{'Pickup': 'https://file.kelleybluebookimages.com/kbb/base/house/2014/2014-Ford-F250%20Super%20Duty%20Crew%20Cab-FrontSide_FTF250C141_800x533.jpg?interpolation=high-quality&downsize=391:*'}
2014,Ford,F250 Super Duty Regular Cab,['Pickup'],{'Pickup': 'https://file.kelleybluebookimages.com/kbb/base/evox/StJ/9016/2014-Ford-F250%20Super%20Duty%20Regular%20Cab-front-angle3_9016_089_640x480.jpg?interpolation=high-quality&downsize=391:*'}
2014,Ford,F250 Super Duty Super Cab,['Pickup'],{'Pickup': 'https://file.kelleybluebookimages.com/kbb/base/house/2014/2014-Ford-F250%20Super%20Duty%20Super%20Cab-FrontSide_FTF350E141_640x480.jpg?interpolation=high-quality&downsize=391:*'}
2014,Ford,F350 Super Duty Crew Cab,['Pickup'],{'Pickup': 'https://file.kelleybluebookimages.com/kbb/base/house/2014/2014-Ford-F350%20Super%20Duty%20Crew%20Cab-FrontSide_FTF350C141_640x480.jpg?interpolation=high-quality&downsize=391:*'}
2014,Ford,F350 Super Duty Regular Cab,['Pickup'],{'Pickup': 'https://file.kelleybluebookimages.com/kbb/base/house/2014/2014-Ford-F350%20Super%20Duty%20Regular%20Cab-Front_FTSDR144_640x480.jpg?interpolation=high-quality&downsize=391:*'}
2014,Ford,F350 Super Duty Super Cab,['Pickup'],{'Pickup': 'https://file.kelleybluebookimages.com/kbb/base/house/2014/2014-Ford-F350%20Super%20Duty%20Super%20Cab-FrontSide_FTF350E141_640x480.jpg?interpolation=high-quality&downsize=391:*'}
2014,Ford,F450 Super Duty Crew Cab,['Pickup'],{'Pickup': 'https://file.kelleybluebookimages.com/kbb/base/house/2014/2014-Ford-F450%20Super%20Duty%20Crew%20Cab-FrontSide_FTF350E141_640x480.jpg?interpolation=high-quality&downsize=391:*'}
2014,Ford,Fiesta,"['Sedan', 'Hatchback']","{'Sedan': 'https://file.kelleybluebookimages.com/kbb/base/house/2014/2014-Ford-Fiesta-FrontSide_FOFIS141_640x480.jpg?interpolation=high-quality&downsize=391:*', 'Hatchback': 'https://file.kelleybluebookimages.com/kbb/base/house/2014/2014-Ford-Fiesta-FrontSide_FOFIH141_640x480.jpg?interpolation=high-quality&downsize=391:*'}"
2014,Ford,Flex,['SUV'],{'SUV': 'https://file.kelleybluebookimages.com/kbb/base/house/2014/2014-Ford-Flex-FrontSide_FTFLX141_640x480.jpg?interpolation=high-quality&downsize=391:*'}
2014,Ford,Focus,"['Sedan', 'Hatchback']","{'Sedan': 'https://file.kelleybluebookimages.com/kbb/base/house/2014/2014-Ford-Focus-FrontSide_FOFOCS141_640x480.jpg?interpolation=high-quality&downsize=391:*', 'Hatchback': 'https://file.kelleybluebookimages.com/kbb/base/house/2014/2014-Ford-Focus-FrontSide_FOFOCE141_640x480.jpg?interpolation=high-quality&downsize=391:*'}"
2014,Ford,Focus ST,['Hatchback'],{'Hatchback': 'https://file.kelleybluebookimages.com/kbb/base/house/2014/2014-Ford-Focus%20ST-FrontSide_FOFOCST141_640x480.jpg?interpolation=high-quality&downsize=391:*'}
2014,Ford,Fusion,['Sedan'],{'Sedan': 'https://file.kelleybluebookimages.com/kbb/base/house/2014/2014-Ford-Fusion-FrontSide_FOFUS141_640x480.jpg?interpolation=high-quality&downsize=391:*'}
2014,Ford,Fusion Energi,['Sedan'],{'Sedan': 'https://file.kelleybluebookimages.com/kbb/base/house/2014/2014-Ford-Fusion%20Energi-FrontSide_FOFUSE141_640x480.jpg?interpolation=high-quality&downsize=391:*'}
2014,Ford,Mustang,"['Coupe', 'Convertible']","{'Convertible': 'https://file.kelleybluebookimages.com/kbb/base/evox/StJ/8896/2014-Ford-Mustang-front-angle3_8896_089_640x480.jpg?interpolation=high-quality&downsize=391:*', 'Coupe': 'https://file.kelleybluebookimages.com/kbb/base/house/2014/2014-Ford-Mustang-FrontSide_FOMUS141_640x480.jpg?interpolation=high-quality&downsize=391:*'}"
2014,Ford,Taurus,['Sedan'],{'Sedan': 'https://file.kelleybluebookimages.com/kbb/base/house/2014/2014-Ford-Taurus-FrontSide_FOTAU141_640x480.jpg?interpolation=high-quality&downsize=391:*'}
2014,Ford,Transit Connect Cargo,['Van/Minivan'],{'Van/Minivan': 'https://file.kelleybluebookimages.com/kbb/base/house/2014/2014-Ford-Transit%20Connect%20Cargo-FrontSide_FTTC141_640x480.jpg?interpolation=high-quality&downsize=391:*'}
2014,Ford,Transit Connect Passenger,['Van/Minivan'],{'Van/Minivan': 'https://file.kelleybluebookimages.com/kbb/base/house/2014/2014-Ford-Transit%20Connect%20Passenger-FrontSide_FTTP141_640x480.jpg?interpolation=high-quality&downsize=391:*'}
2014,Freightliner,Sprinter 2500 Cargo,['Van/Minivan'],{'Van/Minivan': 'https://file.kelleybluebookimages.com/kbb/base/house/2014/2014-Freightliner-Sprinter%202500%20Cargo-FrontSide_FLSPRCST141_640x480.jpg?interpolation=high-quality&downsize=391:*'}
2014,Freightliner,Sprinter 2500 Crew,['Van/Minivan'],{'Van/Minivan': 'https://file.kelleybluebookimages.com/kbb/base/house/2014/2014-Freightliner-Sprinter%202500%20Crew-FrontSide_FLSPRCRST141_640x480.jpg?interpolation=high-quality&downsize=391:*'}
2014,Freightliner,Sprinter 2500 Passenger,['Van/Minivan'],{'Van/Minivan': 'https://file.kelleybluebookimages.com/kbb/base/house/2014/2014-Freightliner-Sprinter%202500%20Passenger-FrontSide_FLSPRPST141_640x480.jpg?interpolation=high-quality&downsize=391:*'}
2014,Freightliner,Sprinter 3500 Cargo,['Van/Minivan'],{'Van/Minivan': 'https://file.kelleybluebookimages.com/kbb/base/house/2014/2014-Freightliner-Sprinter%203500%20Cargo-FrontSide_FLSPRCHT141_640x480.jpg?interpolation=high-quality&downsize=391:*'}
2014,GMC,Acadia,['SUV'],{'SUV': 'https://file.kelleybluebookimages.com/kbb/base/house/2014/2014-GMC-Acadia-FrontSide_GMACAD141_640x480.jpg?interpolation=high-quality&downsize=391:*'}
2014,GMC,Savana 1500 Cargo,['Van/Minivan'],{'Van/Minivan': 'https://file.kelleybluebookimages.com/kbb/base/house/2014/2014-GMC-Savana%201500%20Cargo-FrontSide_GMSAV141_640x480.jpg?interpolation=high-quality&downsize=391:*'}
2014,GMC,Savana 1500 Passenger,['Van/Minivan'],{'Van/Minivan': 'https://file.kelleybluebookimages.com/kbb/base/house/2014/2014-GMC-Savana%201500%20Passenger-FrontSide_GMSAVP141_640x480.jpg?interpolation=high-quality&downsize=391:*'}
2014,GMC,Savana 2500 Cargo,['Van/Minivan'],{'Van/Minivan': 'https://file.kelleybluebookimages.com/kbb/base/house/2014/2014-GMC-Savana%202500%20Cargo-FrontSide_GMSAV141_640x480.jpg?interpolation=high-quality&downsize=391:*'}
2014,GMC,Savana 2500 Passenger,['Van/Minivan'],{'Van/Minivan': 'https://file.kelleybluebookimages.com/kbb/base/house/2014/2014-GMC-Savana%202500%20Passenger-FrontSide_GMSAVP141_640x480.jpg?interpolation=high-quality&downsize=391:*'}
2014,GMC,Savana 3500 Cargo,['Van/Minivan'],{'Van/Minivan': 'https://file.kelleybluebookimages.com/kbb/base/house/2014/2014-GMC-Savana%203500%20Cargo-FrontSide_GMSAV141_640x480.jpg?interpolation=high-quality&downsize=391:*'}
2014,GMC,Savana 3500 Passenger,['Van/Minivan'],{'Van/Minivan': 'https://file.kelleybluebookimages.com/kbb/base/house/2014/2014-GMC-Savana%203500%20Passenger-FrontSide_GMSAVP141_640x480.jpg?interpolation=high-quality&downsize=391:*'}
2014,GMC,Sierra 1500 Crew Cab,['Pickup'],{'Pickup': 'https://file.kelleybluebookimages.com/kbb/base/house/2014/2014-GMC-Sierra%201500%20Crew%20Cab-FrontSide_GMSRC141_640x480.jpg?interpolation=high-quality&downsize=391:*'}
2014,GMC,Sierra 1500 Double Cab,['Pickup'],{'Pickup': 'https://file.kelleybluebookimages.com/kbb/base/house/2014/2014-GMC-Sierra%201500%20Double%20Cab-FrontSide_GMSRDC141_640x480.jpg?interpolation=high-quality&downsize=391:*'}
2014,GMC,Sierra 1500 Regular Cab,['Pickup'],{'Pickup': 'https://file.kelleybluebookimages.com/kbb/base/house/2014/2014-GMC-Sierra%201500%20Regular%20Cab-FrontSide_GMSRR141_640x480.jpg?interpolation=high-quality&downsize=391:*'}
2014,GMC,Sierra 2500 HD Crew Cab,['Pickup'],{'Pickup': 'https://file.kelleybluebookimages.com/kbb/base/house/2014/2014-GMC-Sierra%202500%20HD%20Crew%20Cab-FrontSide_GMSR25C141_640x480.jpg?interpolation=high-quality&downsize=391:*'}
2014,GMC,Sierra 2500 HD Regular Cab,['Pickup'],{'Pickup': 'https://file.kelleybluebookimages.com/kbb/base/house/2014/2014-GMC-Sierra%202500%20HD%20Regular%20Cab-FrontSide_GMSR2R141_640x480.jpg?interpolation=high-quality&downsize=391:*'}
2014,GMC,Sierra 3500 HD Crew Cab,['Pickup'],{'Pickup': 'https://file.kelleybluebookimages.com/kbb/base/house/2014/2014-GMC-Sierra%203500%20HD%20Crew%20Cab-FrontSide_GMSR25C141_640x480.jpg?interpolation=high-quality&downsize=391:*'}
2014,GMC,Sierra 3500 HD Regular Cab,['Pickup'],{'Pickup': 'https://file.kelleybluebookimages.com/kbb/base/house/2014/2014-GMC-Sierra%203500%20HD%20Regular%20Cab-FrontSide_GMSR3R141_640x480.jpg?interpolation=high-quality&downsize=391:*'}
2014,GMC,Terrain,['SUV'],{'SUV': 'https://file.kelleybluebookimages.com/kbb/base/evox/StJ/9171/2014-GMC-Terrain-front-angle3_9171_089_640x480.jpg?interpolation=high-quality&downsize=391:*'}
2014,GMC,Yukon,['SUV'],{'SUV': 'https://file.kelleybluebookimages.com/kbb/base/house/2014/2014-GMC-Yukon-FrontSide_GMYUK141_640x480.jpg?interpolation=high-quality&downsize=391:*'}
2014,GMC,Yukon XL 1500,['SUV'],{'SUV': 'https://file.kelleybluebookimages.com/kbb/base/evox/StJ/8975/2014-GMC-Yukon%20XL%201500-front-angle3_8975_089_640x480.jpg?interpolation=high-quality&downsize=391:*'}
2014,Honda,Accord,"['Sedan', 'Coupe']","{'Sedan': 'https://file.kelleybluebookimages.com/kbb/base/house/2014/2014-Honda-Accord-FrontSide_HOACCSED141_640x480.jpg?interpolation=high-quality&downsize=391:*', 'Coupe': 'https://file.kelleybluebookimages.com/kbb/base/house/2014/2014-Honda-Accord-FrontSide_HOACCCPE141_640x480.jpg?interpolation=high-quality&downsize=391:*'}"
2014,Honda,Accord Hybrid,['Sedan'],{'Sedan': 'https://file.kelleybluebookimages.com/kbb/base/house/2014/2014-Honda-Accord%20Hybrid-FrontSide_HOACCHYB141_640x480.jpg?interpolation=high-quality&downsize=391:*'}
2014,Honda,Civic,"['Sedan', 'Coupe']","{'Sedan': 'https://file.kelleybluebookimages.com/kbb/base/house/2014/2014-Honda-Civic-FrontSide_HOCIVCNG141_640x480.jpg?interpolation=high-quality&downsize=391:*', 'Coupe': 'https://file.kelleybluebookimages.com/kbb/base/house/2014/2014-Honda-Civic-FrontSide_HOCIVCPE141_640x480.jpg?interpolation=high-quality&downsize=391:*'}"
2014,Honda,Crosstour,['SUV'],{'SUV': 'https://file.kelleybluebookimages.com/kbb/base/house/2014/2014-Honda-Crosstour-FrontSide_HTCROS141_640x480.jpg?interpolation=high-quality&downsize=391:*'}
2014,Honda,CR-V,['SUV'],{'SUV': 'https://file.kelleybluebookimages.com/kbb/base/house/2014/2014-Honda-CR-V-FrontSide_HTCRV141_640x480.jpg?interpolation=high-quality&downsize=391:*'}
2014,Honda,CR-Z,['Coupe'],{'Coupe': 'https://file.kelleybluebookimages.com/kbb/base/house/2014/2014-Honda-CR-Z-FrontSide_HOCRZ141_640x480.jpg?interpolation=high-quality&downsize=391:*'}
2014,Honda,Insight,['Hatchback'],{'Hatchback': 'https://file.kelleybluebookimages.com/kbb/base/house/2014/2014-Honda-Insight-FrontSide_HOINS141_640x480.jpg?interpolation=high-quality&downsize=391:*'}
2014,Honda,Odyssey,['Van/Minivan'],{'Van/Minivan': 'https://file.kelleybluebookimages.com/kbb/base/house/2014/2014-Honda-Odyssey-FrontSide_HTODY141_640x480.jpg?interpolation=high-quality&downsize=391:*'}
2014,Honda,Pilot,['SUV'],{'SUV': 'https://file.kelleybluebookimages.com/kbb/base/house/2014/2014-Honda-Pilot-FrontSide_HTPIL141_640x480.jpg?interpolation=high-quality&downsize=391:*'}
2014,Honda,Ridgeline,['Pickup'],{'Pickup': 'https://file.kelleybluebookimages.com/kbb/base/house/2014/2014-Honda-Ridgeline-FrontSide_HTRD141_640x480.jpg?interpolation=high-quality&downsize=391:*'}
2014,Hyundai,Accent,"['Hatchback', 'Sedan']","{'Sedan': 'https://file.kelleybluebookimages.com/kbb/base/house/2014/2014-Hyundai-Accent-FrontSide_HYACCS141_640x480.jpg?interpolation=high-quality&downsize=391:*', 'Hatchback': 'https://file.kelleybluebookimages.com/kbb/base/house/2014/2014-Hyundai-Accent-FrontSide_HYACC141_640x480.jpg?interpolation=high-quality&downsize=391:*'}"
2014,Hyundai,Azera,['Sedan'],{'Sedan': 'https://file.kelleybluebookimages.com/kbb/base/house/2014/2014-Hyundai-Azera-FrontSide_HYAZE141_640x480.jpg?interpolation=high-quality&downsize=391:*'}
2014,Hyundai,Elantra,"['Sedan', 'Hatchback', 'Coupe']","{'Sedan': 'https://file.kelleybluebookimages.com/kbb/base/evox/StJ/9547/2014-Hyundai-Elantra-front-angle3_9547_089_640x480.jpg?interpolation=high-quality&downsize=391:*', 'Hatchback': 'https://file.kelleybluebookimages.com/kbb/base/house/2014/2014-Hyundai-Elantra-FrontSide_HYELAGT141_640x480.jpg?interpolation=high-quality&downsize=391:*', 'Coupe': 'https://file.kelleybluebookimages.com/kbb/base/evox/StJ/9601/2014-Hyundai-Elantra-front-angle3_9601_089_640x480.jpg?interpolation=high-quality&downsize=391:*'}"
2014,Hyundai,Equus,['Sedan'],{'Sedan': 'https://file.kelleybluebookimages.com/kbb/base/house/2014/2014-Hyundai-Equus-FrontSide_HYEQ141_640x480.jpg?interpolation=high-quality&downsize=391:*'}
2014,Hyundai,Genesis,['Sedan'],{'Sedan': 'https://file.kelleybluebookimages.com/kbb/base/house/2014/2014-Hyundai-Genesis-FrontSide_HYGEN141_640x480.jpg?interpolation=high-quality&downsize=391:*'}
2014,Hyundai,Genesis Coupe,['Coupe'],{'Coupe': 'https://file.kelleybluebookimages.com/kbb/base/house/2014/2014-Hyundai-Genesis%20Coupe-FrontSide_HYGENC141_640x480.jpg?interpolation=high-quality&downsize=391:*'}
2014,Hyundai,Santa Fe,['SUV'],{'SUV': 'https://file.kelleybluebookimages.com/kbb/base/house/2014/2014-Hyundai-Santa%20Fe-FrontSide_HSSFE141_640x480.jpg?interpolation=high-quality&downsize=391:*'}
2014,Hyundai,Santa Fe Sport,['SUV'],{'SUV': 'https://file.kelleybluebookimages.com/kbb/base/house/2014/2014-Hyundai-Santa%20Fe%20Sport-FrontSide_HSSFES141_640x480.jpg?interpolation=high-quality&downsize=391:*'}
2014,Hyundai,Sonata,['Sedan'],{'Sedan': 'https://file.kelleybluebookimages.com/kbb/base/house/2014/2014-Hyundai-Sonata-FrontSide_HYSONA141_640x480.jpg?interpolation=high-quality&downsize=391:*'}
2014,Hyundai,Tucson,['SUV'],{'SUV': 'https://file.kelleybluebookimages.com/kbb/base/house/2014/2014-Hyundai-Tucson-FrontSide_HSTUCS141_640x480.jpg?interpolation=high-quality&downsize=391:*'}
2014,Hyundai,Veloster,['Coupe'],{'Coupe': 'https://file.kelleybluebookimages.com/kbb/base/house/2014/2014-Hyundai-Veloster-FrontSide_HYVEL141_640x480.jpg?interpolation=high-quality&downsize=391:*'}
2014,INFINITI,Q50,['Sedan'],{'Sedan': 'https://file.kelleybluebookimages.com/kbb/base/house/2014/2014-Infiniti-Q50-FrontSide_IFQ50141_640x480.jpg?interpolation=high-quality&downsize=391:*'}
2014,INFINITI,Q60,"['Coupe', 'Convertible']","{'Convertible': 'https://file.kelleybluebookimages.com/kbb/base/house/2014/2014-Infiniti-Q60-FrontSide_IFQ60R141_640x480.jpg?interpolation=high-quality&downsize=391:*', 'Coupe': 'https://file.kelleybluebookimages.com/kbb/base/house/2014/2014-Infiniti-Q60-FrontSide_IFQ60C141_640x480.jpg?interpolation=high-quality&downsize=391:*'}"
2014,INFINITI,Q70,['Sedan'],{'Sedan': 'https://file.kelleybluebookimages.com/kbb/base/house/2014/2014-Infiniti-Q70-FrontSide_IFQ70H141_640x480.jpg?interpolation=high-quality&downsize=391:*'}
2014,INFINITI,QX50,['SUV'],{'SUV': 'https://file.kelleybluebookimages.com/kbb/base/house/2014/2014-Infiniti-QX50-FrontSide_IQQX50141_640x480.jpg?interpolation=high-quality&downsize=391:*'}
2014,INFINITI,QX60,['SUV'],{'SUV': 'https://file.kelleybluebookimages.com/kbb/base/house/2014/2014-Infiniti-QX60-FrontSide_IQQX60141_640x480.jpg?interpolation=high-quality&downsize=391:*'}
2014,INFINITI,QX70,['SUV'],{'SUV': 'https://file.kelleybluebookimages.com/kbb/base/evox/StJ/8981/2014-Infiniti-QX70-front-angle3_8981_089_640x480.jpg?interpolation=high-quality&downsize=391:*'}
2014,INFINITI,QX80,['SUV'],{'SUV': 'https://file.kelleybluebookimages.com/kbb/base/house/2014/2014-Infiniti-QX80-FrontSide_IQQX80141_640x480.jpg?interpolation=high-quality&downsize=391:*'}
2014,Jaguar,F-TYPE,['Convertible'],{'Convertible': 'https://file.kelleybluebookimages.com/kbb/base/house/2014/2014-Jaguar-F-TYPE-FrontSide_JAFT141_640x480.jpg?interpolation=high-quality&downsize=391:*'}
2014,Jaguar,XF,['Sedan'],{'Sedan': 'https://file.kelleybluebookimages.com/kbb/base/house/2014/2014-Jaguar-XF-FrontSide_JAXF141_640x480.jpg?interpolation=high-quality&downsize=391:*'}
2014,Jaguar,XJ,['Sedan'],{'Sedan': 'https://file.kelleybluebookimages.com/kbb/base/house/2014/2014-Jaguar-XJ-FrontSide_JAXJ141_640x480.jpg?interpolation=high-quality&downsize=391:*'}
2014,Jaguar,XK,"['Coupe', 'Convertible']","{'Convertible': 'https://file.kelleybluebookimages.com/kbb/base/house/2014/2014-Jaguar-XK-FrontSide_JAXKCNV141_640x480.jpg?interpolation=high-quality&downsize=391:*', 'Coupe': 'https://file.kelleybluebookimages.com/kbb/base/house/2014/2014-Jaguar-XK-FrontSide_JAXKCPE141_640x480.jpg?interpolation=high-quality&downsize=391:*'}"
2014,Jeep,Cherokee,['SUV'],{'SUV': 'https://file.kelleybluebookimages.com/kbb/base/house/2014/2014-Jeep-Cherokee-FrontSide_JECHER141_640x480.jpg?interpolation=high-quality&downsize=391:*'}
2014,Jeep,Compass,['SUV'],{'SUV': 'https://file.kelleybluebookimages.com/kbb/base/house/2014/2014-Jeep-Compass-FrontSide_JECOMP141_640x480.jpg?interpolation=high-quality&downsize=391:*'}
2014,Jeep,Grand Cherokee,['SUV'],{'SUV': 'https://file.kelleybluebookimages.com/kbb/base/house/2014/2014-Jeep-Grand%20Cherokee-FrontSide_JEGC141_640x480.jpg?interpolation=high-quality&downsize=391:*'}
2014,Jeep,Patriot,['SUV'],{'SUV': 'https://file.kelleybluebookimages.com/kbb/base/house/2014/2014-Jeep-Patriot-FrontSide_JEPAT141_640x480.jpg?interpolation=high-quality&downsize=391:*'}
2014,Jeep,Wrangler,['SUV'],{'SUV': 'https://file.kelleybluebookimages.com/kbb/base/house/2014/2014-Jeep-Wrangler-Side_JEWRNRUB143_640x480.jpg?interpolation=high-quality&downsize=391:*'}
2014,Kia,Cadenza,['Sedan'],{'Sedan': 'https://file.kelleybluebookimages.com/kbb/base/house/2014/2014-Kia-Cadenza-FrontSide_KICAD141_640x480.jpg?interpolation=high-quality&downsize=391:*'}
2014,Kia,Forte,"['Sedan', 'Coupe', 'Hatchback']","{'Sedan': 'https://file.kelleybluebookimages.com/kbb/base/evox/StJ/8847/2014-Kia-Forte-front-angle3_8847_089_640x480.jpg?interpolation=high-quality&downsize=391:*', 'Hatchback': 'https://file.kelleybluebookimages.com/kbb/base/house/2014/2014-Kia-Forte-FrontSide_KIFTHB141_640x480.jpg?interpolation=high-quality&downsize=391:*', 'Coupe': 'https://file.kelleybluebookimages.com/kbb/base/house/2014/2014-Kia-Forte-FrontSide_KIFTK141_640x480.jpg?interpolation=high-quality&downsize=391:*'}"
2014,Kia,Optima,['Sedan'],{'Sedan': 'https://file.kelleybluebookimages.com/kbb/base/house/2014/2014-Kia-Optima-FrontSide_KIOPTH141_640x480.jpg?interpolation=high-quality&downsize=391:*'}
2014,Kia,Rio,"['Sedan', 'Hatchback']","{'Sedan': 'https://file.kelleybluebookimages.com/kbb/base/evox/StJ/9517/2014-Kia-Rio-front-angle3_9517_089_640x480.jpg?interpolation=high-quality&downsize=391:*', 'Hatchback': 'https://file.kelleybluebookimages.com/kbb/base/evox/StJ/9529/2014-Kia-Rio-front-angle3_9529_089_640x480.jpg?interpolation=high-quality&downsize=391:*'}"
2014,Kia,Sedona,['Van/Minivan'],{'Van/Minivan': 'https://file.kelleybluebookimages.com/kbb/base/house/2014/2014-Kia-Sedona-FrontSide_KTSED141_640x480.jpg?interpolation=high-quality&downsize=391:*'}
2014,Kia,Sorento,['SUV'],{'SUV': 'https://file.kelleybluebookimages.com/kbb/base/house/2014/2014-Kia-Sorento-FrontSide_KTSOR141_640x480.jpg?interpolation=high-quality&downsize=391:*'}
2014,Kia,Soul,['Wagon'],{'Wagon': 'https://file.kelleybluebookimages.com/kbb/base/evox/StJ/9258/2014-Kia-Soul-front-angle3_9258_089_640x480.jpg?interpolation=high-quality&downsize=391:*'}
2014,Kia,Sportage,['SUV'],{'SUV': 'https://file.kelleybluebookimages.com/kbb/base/evox/StJ/9452/2014-Kia-Sportage-front-angle3_9452_089_640x480.jpg?interpolation=high-quality&downsize=391:*'}
2014,Lamborghini,Aventador,"['Coupe', 'Convertible']","{'Convertible': 'https://file.kelleybluebookimages.com/kbb/base/house/2014/2014-Lamborghini-Aventador-FrontSide_LBAVR141_640x480.jpg?interpolation=high-quality&downsize=391:*', 'Coupe': 'https://file.kelleybluebookimages.com/kbb/base/house/2014/2014-Lamborghini-Aventador-FrontSide_LBAVC141_640x480.jpg?interpolation=high-quality&downsize=391:*'}"
2014,Lamborghini,Gallardo,"['Coupe', 'Convertible']","{'Convertible': 'https://file.kelleybluebookimages.com/kbb/base/house/2014/2014-Lamborghini-Gallardo-FrontSide_LBGAL550SP141_640x480.jpg?interpolation=high-quality&downsize=391:*', 'Coupe': 'https://file.kelleybluebookimages.com/kbb/base/house/2014/2014-Lamborghini-Gallardo-FrontSide_LBGAL550CP141_640x480.jpg?interpolation=high-quality&downsize=391:*'}"
2014,Land Rover,LR2,['SUV'],{'SUV': 'https://file.kelleybluebookimages.com/kbb/base/house/2014/2014-Land%20Rover-LR2-FrontSide_ROLR2141_640x480.jpg?interpolation=high-quality&downsize=391:*'}
2014,Land Rover,LR4,['SUV'],{'SUV': 'https://file.kelleybluebookimages.com/kbb/base/house/2014/2014-Land%20Rover-LR4-FrontSide_ROLR4141_640x480.jpg?interpolation=high-quality&downsize=391:*'}
2014,Land Rover,Range Rover,['SUV'],{'SUV': 'https://file.kelleybluebookimages.com/kbb/base/house/2014/2014-Land%20Rover-Range%20Rover-FrontSide_ROROV141_640x480.jpg?interpolation=high-quality&downsize=391:*'}
2014,Land Rover,Range Rover Evoque,['SUV'],{'SUV': 'https://file.kelleybluebookimages.com/kbb/base/house/2014/2014-Land%20Rover-Range%20Rover%20Evoque-FrontSide_ROEVOSUV141_640x480.jpg?interpolation=high-quality&downsize=391:*'}
2014,Land Rover,Range Rover Sport,['SUV'],{'SUV': 'https://file.kelleybluebookimages.com/kbb/base/evox/StJ/9282/2014-Land%20Rover-Range%20Rover%20Sport-front-angle3_9282_089_640x480.jpg?interpolation=high-quality&downsize=391:*'}
2014,Lexus,CT,['Hatchback'],{'Hatchback': 'https://file.kelleybluebookimages.com/kbb/base/house/2014/2014-Lexus-CT-FrontSide_LECT141_640x480.jpg?interpolation=high-quality&downsize=391:*'}
2014,Lexus,ES,['Sedan'],{'Sedan': 'https://file.kelleybluebookimages.com/kbb/base/house/2014/2014-Lexus-ES-FrontSide_LEES350141_640x480.jpg?interpolation=high-quality&downsize=391:*'}
2014,Lexus,GS,['Sedan'],{'Sedan': 'https://file.kelleybluebookimages.com/kbb/base/house/2014/2014-Lexus-GS-FrontSide_LEGS141_640x480.jpg?interpolation=high-quality&downsize=391:*'}
2014,Lexus,GX,['SUV'],{'SUV': 'https://file.kelleybluebookimages.com/kbb/base/house/2014/2014-Lexus-GX-FrontSide_LXGX141_640x480.jpg?interpolation=high-quality&downsize=391:*'}
2014,Lexus,IS,"['Sedan', 'Convertible']","{'Sedan': 'https://file.kelleybluebookimages.com/kbb/base/house/2014/2014-Lexus-IS-FrontSide_LEIS141_640x480.jpg?interpolation=high-quality&downsize=391:*', 'Convertible': 'https://file.kelleybluebookimages.com/kbb/base/house/2014/2014-Lexus-IS-FrontSide_LEISC141_640x480.jpg?interpolation=high-quality&downsize=391:*'}"
2014,Lexus,LS,['Sedan'],{'Sedan': 'https://file.kelleybluebookimages.com/kbb/base/house/2014/2014-Lexus-LS-FrontSide_LELS141_640x480.jpg?interpolation=high-quality&downsize=391:*'}
2014,Lexus,LX,['SUV'],{'SUV': 'https://file.kelleybluebookimages.com/kbb/base/house/2014/2014-Lexus-LX-FrontSide_LXLX141_640x480.jpg?interpolation=high-quality&downsize=391:*'}
2014,Lexus,RX,['SUV'],{'SUV': 'https://file.kelleybluebookimages.com/kbb/base/house/2014/2014-Lexus-RX-FrontSide_LXRX350141_640x480.jpg?interpolation=high-quality&downsize=391:*'}
2014,Lincoln,MKS,['Sedan'],{'Sedan': 'https://file.kelleybluebookimages.com/kbb/base/house/2014/2014-Lincoln-MKS-FrontSide_LIMKS141_640x480.jpg?interpolation=high-quality&downsize=391:*'}
2014,Lincoln,MKT,['SUV'],{'SUV': 'https://file.kelleybluebookimages.com/kbb/base/house/2014/2014-Lincoln-MKT-FrontSide_LTMKT141_640x480.jpg?interpolation=high-quality&downsize=391:*'}
2014,Lincoln,MKX,['SUV'],{'SUV': 'https://file.kelleybluebookimages.com/kbb/base/house/2014/2014-Lincoln-MKX-FrontSide_LTMKX141_640x480.jpg?interpolation=high-quality&downsize=391:*'}
2014,Lincoln,MKZ,['Sedan'],{'Sedan': 'https://file.kelleybluebookimages.com/kbb/base/house/2014/2014-Lincoln-MKZ-FrontSide_LIMKZ141_640x480.jpg?interpolation=high-quality&downsize=391:*'}
2014,Lincoln,Navigator,['SUV'],{'SUV': 'https://file.kelleybluebookimages.com/kbb/base/house/2014/2014-Lincoln-Navigator-FrontSide_LTNAV141_640x480.jpg?interpolation=high-quality&downsize=391:*'}
2014,Lincoln,Navigator L,['SUV'],{'SUV': 'https://file.kelleybluebookimages.com/kbb/base/house/2014/2014-Lincoln-Navigator%20L-FrontSide_LTNAV141_640x480.jpg?interpolation=high-quality&downsize=391:*'}
2014,Lotus,Evora,['Coupe'],{'Coupe': 'https://file.kelleybluebookimages.com/kbb/base/house/2014/2014-Lotus-Evora-FrontSide_LOEV141_640x480.jpg?interpolation=high-quality&downsize=391:*'}
2014,Maserati,Ghibli,['Sedan'],{'Sedan': 'https://file.kelleybluebookimages.com/kbb/base/house/2014/2014-Maserati-Ghibli-FrontSide_MRGHI141_640x480.jpg?interpolation=high-quality&downsize=391:*'}
2014,Maserati,GranTurismo,"['Convertible', 'Coupe']","{'Convertible': 'https://file.kelleybluebookimages.com/kbb/base/house/2014/2014-Maserati-GranTurismo-FrontSide_MRGTR141_640x480.jpg?interpolation=high-quality&downsize=391:*', 'Coupe': 'https://file.kelleybluebookimages.com/kbb/base/house/2014/2014-Maserati-GranTurismo-FrontSide_MRGTCPES141_640x480.jpg?interpolation=high-quality&downsize=391:*'}"
2014,Maserati,Quattroporte,['Sedan'],{'Sedan': 'https://file.kelleybluebookimages.com/kbb/base/house/2014/2014-Maserati-Quattroporte-FrontSide_MRQTS141_640x480.jpg?interpolation=high-quality&downsize=391:*'}
2014,MAZDA,CX-5,['SUV'],{'SUV': 'https://file.kelleybluebookimages.com/kbb/base/house/2014/2014-Mazda-CX-5-FrontSide_MTCX5141_640x480.jpg?interpolation=high-quality&downsize=391:*'}
2014,MAZDA,CX-9,['SUV'],{'SUV': 'https://file.kelleybluebookimages.com/kbb/base/house/2014/2014-Mazda-CX-9-FrontSide_MTCX99141_640x480.jpg?interpolation=high-quality&downsize=391:*'}
2014,MAZDA,MAZDA2,['Hatchback'],{'Hatchback': 'https://file.kelleybluebookimages.com/kbb/base/house/2014/2014-Mazda-MAZDA2-FrontSide_MAMA2141_640x480.jpg?interpolation=high-quality&downsize=391:*'}
2014,MAZDA,MAZDA3,"['Sedan', 'Hatchback']","{'Sedan': 'https://file.kelleybluebookimages.com/kbb/base/evox/StJ/9224/2014-Mazda-MAZDA3-front-angle3_9224_089_640x480.jpg?interpolation=high-quality&downsize=391:*', 'Hatchback': 'https://file.kelleybluebookimages.com/kbb/base/house/2014/2014-Mazda-MAZDA3-FrontSide_MA3HB141_640x480.jpg?interpolation=high-quality&downsize=391:*'}"
2014,MAZDA,MAZDA5,['Van/Minivan'],{'Van/Minivan': 'https://file.kelleybluebookimages.com/kbb/base/house/2014/2014-Mazda-MAZDA5-FrontSide_MTMZ5141_640x480.jpg?interpolation=high-quality&downsize=391:*'}
2014,MAZDA,MAZDA6,['Sedan'],{'Sedan': 'https://file.kelleybluebookimages.com/kbb/base/house/2014/2014-Mazda-MAZDA6-FrontSide_MA6141_640x480.jpg?interpolation=high-quality&downsize=391:*'}
2014,MAZDA,MX-5 Miata,['Convertible'],{'Convertible': 'https://file.kelleybluebookimages.com/kbb/base/house/2014/2014-Mazda-MX-5%20Miata-FrontSide_MAMX5141_640x480.jpg?interpolation=high-quality&downsize=391:*'}
2014,McLaren,MP4-12C,"['Coupe', 'Convertible']","{'Convertible': 'https://file.kelleybluebookimages.com/kbb/base/house/2014/2014-McLaren-MP4-12C-FrontSide_MLMP4R141_640x480.jpg?interpolation=high-quality&downsize=391:*', 'Coupe': 'https://file.kelleybluebookimages.com/kbb/base/house/2014/2014-McLaren-MP4-12C-FrontSide_MLMP4141_640x480.jpg?interpolation=high-quality&downsize=391:*'}"
2014,Mercedes-Benz,B-Class,['Hatchback'],{'Hatchback': 'https://file.kelleybluebookimages.com/kbb/base/house/2014/2014-Mercedes-Benz-B-Class-FrontSide_MBB141_640x480.jpg?interpolation=high-quality&downsize=391:*'}
2014,Mercedes-Benz,C-Class,"['Sedan', 'Coupe']","{'Sedan': 'https://file.kelleybluebookimages.com/kbb/base/house/2014/2014-Mercedes-Benz-C-Class-FrontSide_MBC141_640x480.jpg?interpolation=high-quality&downsize=391:*', 'Coupe': 'https://file.kelleybluebookimages.com/kbb/base/house/2014/2014-Mercedes-Benz-C-Class-FrontSide_MBCC141_640x480.jpg?interpolation=high-quality&downsize=391:*'}"
2014,Mercedes-Benz,CLA-Class,['Sedan'],{'Sedan': 'https://file.kelleybluebookimages.com/kbb/base/evox/StJ/9192/2014-Mercedes-Benz-CLA-Class-front-angle3_9192_089_640x480.jpg?interpolation=high-quality&downsize=391:*'}
2014,Mercedes-Benz,CL-Class,['Coupe'],{'Coupe': 'https://file.kelleybluebookimages.com/kbb/base/house/2014/2014-Mercedes-Benz-CL-Class-FrontSide_MBCL141_640x480.jpg?interpolation=high-quality&downsize=391:*'}
2014,Mercedes-Benz,CLS-Class,['Coupe'],{'Coupe': 'https://file.kelleybluebookimages.com/kbb/base/house/2014/2014-Mercedes-Benz-CLS-Class-FrontSide_MBCLS141_640x480.jpg?interpolation=high-quality&downsize=391:*'}
2014,Mercedes-Benz,E-Class,"['Sedan', 'Wagon', 'Coupe', 'Convertible']","{'Sedan': 'https://file.kelleybluebookimages.com/kbb/base/house/2014/2014-Mercedes-Benz-E-Class-FrontSide_MBES141_640x480.jpg?interpolation=high-quality&downsize=391:*', 'Wagon': 'https://file.kelleybluebookimages.com/kbb/base/house/2014/2014-Mercedes-Benz-E-Class-FrontSide_MBEW141_640x480.jpg?interpolation=high-quality&downsize=391:*', 'Convertible': 'https://file.kelleybluebookimages.com/kbb/base/house/2014/2014-Mercedes-Benz-E-Class-FrontSide_MBER141_640x480.jpg?interpolation=high-quality&downsize=391:*', 'Coupe': 'https://file.kelleybluebookimages.com/kbb/base/evox/StJ/8922/2014-Mercedes-Benz-E-Class-front-angle3_8922_089_640x480.jpg?interpolation=high-quality&downsize=391:*'}"
2014,Mercedes-Benz,G-Class,['SUV'],{'SUV': 'https://file.kelleybluebookimages.com/kbb/base/house/2014/2014-Mercedes-Benz-G-Class-FrontSide_MSG550141_640x480.jpg?interpolation=high-quality&downsize=391:*'}
2014,Mercedes-Benz,GL-Class,['SUV'],{'SUV': 'https://file.kelleybluebookimages.com/kbb/base/house/2014/2014-Mercedes-Benz-GL-Class-FrontSide_MSGL350141_640x480.jpg?interpolation=high-quality&downsize=391:*'}
2014,Mercedes-Benz,GLK-Class,['SUV'],{'SUV': 'https://file.kelleybluebookimages.com/kbb/base/house/2014/2014-Mercedes-Benz-GLK-Class-FrontSide_MSGLK141_640x480.jpg?interpolation=high-quality&downsize=391:*'}
2014,Mercedes-Benz,M-Class,['SUV'],{'SUV': 'https://file.kelleybluebookimages.com/kbb/base/house/2014/2014-Mercedes-Benz-M-Class-FrontSide_MSML141_640x480.jpg?interpolation=high-quality&downsize=391:*'}
2014,Mercedes-Benz,S-Class,['Sedan'],{'Sedan': 'https://file.kelleybluebookimages.com/kbb/base/house/2014/2014-Mercedes-Benz-S-Class-FrontSide_MBS141_640x480.jpg?interpolation=high-quality&downsize=391:*'}
2014,Mercedes-Benz,SL-Class,['Convertible'],{'Convertible': 'https://file.kelleybluebookimages.com/kbb/base/house/2014/2014-Mercedes-Benz-SL-Class-FrontSide_MBSL141_640x480.jpg?interpolation=high-quality&downsize=391:*'}
2014,Mercedes-Benz,SLK-Class,['Convertible'],{'Convertible': 'https://file.kelleybluebookimages.com/kbb/base/house/2014/2014-Mercedes-Benz-SLK-Class-FrontSide_MBSLK141_640x480.jpg?interpolation=high-quality&downsize=391:*'}
2014,Mercedes-Benz,SLS-Class,"['Coupe', 'Convertible']","{'Convertible': 'https://file.kelleybluebookimages.com/kbb/base/house/2014/2014-Mercedes-Benz-SLS-Class-FrontSide_MBSLSR141_640x480.jpg?interpolation=high-quality&downsize=391:*', 'Coupe': 'https://file.kelleybluebookimages.com/kbb/base/house/2014/2014-Mercedes-Benz-SLS-Class-FrontSide_MBSLS141_640x480.jpg?interpolation=high-quality&downsize=391:*'}"
2014,Mercedes-Benz,Sprinter 2500 Cargo,['Van/Minivan'],{'Van/Minivan': 'https://file.kelleybluebookimages.com/kbb/base/house/2014/2014-Mercedes-Benz-Sprinter%202500%20Cargo-FrontSide_MSSPRCST141_640x480.jpg?interpolation=high-quality&downsize=391:*'}
2014,Mercedes-Benz,Sprinter 2500 Crew,['Van/Minivan'],{'Van/Minivan': 'https://file.kelleybluebookimages.com/kbb/base/house/2014/2014-Mercedes-Benz-Sprinter%202500%20Crew-FrontSide_MSSPRCRST141_640x480.jpg?interpolation=high-quality&downsize=391:*'}
2014,Mercedes-Benz,Sprinter 2500 Passenger,['Van/Minivan'],{'Van/Minivan': 'https://file.kelleybluebookimages.com/kbb/base/house/2014/2014-Mercedes-Benz-Sprinter%202500%20Passenger-FrontSide_MSSPRPST141_640x480.jpg?interpolation=high-quality&downsize=391:*'}
2014,Mercedes-Benz,Sprinter 3500 Cargo,['Van/Minivan'],{'Van/Minivan': 'https://file.kelleybluebookimages.com/kbb/base/house/2014/2014-Mercedes-Benz-Sprinter%203500%20Cargo-FrontSide_MSSPRCHT141_640x480.jpg?interpolation=high-quality&downsize=391:*'}
2014,MINI,Clubman,['Hatchback'],{'Hatchback': 'https://file.kelleybluebookimages.com/kbb/base/house/2014/2014-MINI-Clubman-FrontSide_MNCOPCL141_640x480.jpg?interpolation=high-quality&downsize=391:*'}
2014,MINI,Convertible,['Convertible'],{'Convertible': 'https://file.kelleybluebookimages.com/kbb/base/house/2014/2014-MINI-Convertible-FrontSide_MNCOPCONV141_640x480.jpg?interpolation=high-quality&downsize=391:*'}
2014,MINI,Countryman,['Hatchback'],{'Hatchback': 'https://file.kelleybluebookimages.com/kbb/base/house/2014/2014-MINI-Countryman-FrontSide_MNCOPCOUN141_640x480.jpg?interpolation=high-quality&downsize=391:*'}
2014,MINI,Coupe,['Coupe'],{'Coupe': 'https://file.kelleybluebookimages.com/kbb/base/house/2014/2014-MINI-Coupe-FrontSide_MNCOPCPE141_640x480.jpg?interpolation=high-quality&downsize=391:*'}
2014,MINI,Hardtop,['Hatchback'],{'Hatchback': 'https://file.kelleybluebookimages.com/kbb/base/evox/ExtSpP/12823/2019-MINI-Hardtop%202%20Door-360SpinFrame_12823_032_2400x1800.png?interpolation=high-quality&downsize=391:*'}
2014,MINI,Paceman,['Hatchback'],{'Hatchback': 'https://file.kelleybluebookimages.com/kbb/base/evox/StJ/9091/2014-MINI-Paceman-front-angle3_9091_089_640x480.jpg?interpolation=high-quality&downsize=391:*'}
2014,MINI,Roadster,['Convertible'],{'Convertible': 'https://file.kelleybluebookimages.com/kbb/base/house/2014/2014-MINI-Roadster-FrontSide_MNCOPRO141_640x480.jpg?interpolation=high-quality&downsize=391:*'}
2014,Mitsubishi,i-MiEV,['Hatchback'],{'Hatchback': 'https://file.kelleybluebookimages.com/kbb/base/house/2014/2014-Mitsubishi-i-MiEV-FrontSide_MIEV141_640x480.jpg?interpolation=high-quality&downsize=391:*'}
2014,Mitsubishi,Lancer,"['Sedan', 'Hatchback']","{'Sedan': 'https://file.kelleybluebookimages.com/kbb/base/house/2014/2014-Mitsubishi-Lancer-FrontSide_MILAES141_640x480.jpg?interpolation=high-quality&downsize=391:*', 'Hatchback': 'https://file.kelleybluebookimages.com/kbb/base/house/2014/2014-Mitsubishi-Lancer-FrontSide_MILASB141_640x480.jpg?interpolation=high-quality&downsize=391:*'}"
2014,Mitsubishi,Mirage,['Hatchback'],{'Hatchback': 'https://file.kelleybluebookimages.com/kbb/base/house/2014/2014-Mitsubishi-Mirage-FrontSide_MIMIR141_640x480.jpg?interpolation=high-quality&downsize=391:*'}
2014,Mitsubishi,Outlander,['SUV'],{'SUV': 'https://file.kelleybluebookimages.com/kbb/base/house/2014/2014-Mitsubishi-Outlander-FrontSide_MPOUT141_640x480.jpg?interpolation=high-quality&downsize=391:*'}
2014,Mitsubishi,Outlander Sport,['SUV'],{'SUV': 'https://file.kelleybluebookimages.com/kbb/base/house/2014/2014-Mitsubishi-Outlander%20Sport-FrontSide_MPOUTS141_640x480.jpg?interpolation=high-quality&downsize=391:*'}
2014,Nissan,370Z,"['Coupe', 'Convertible']","{'Convertible': 'https://file.kelleybluebookimages.com/kbb/base/house/2014/2014-Nissan-370Z-FrontSide_NI370ZR141_640x480.jpg?interpolation=high-quality&downsize=391:*', 'Coupe': 'https://file.kelleybluebookimages.com/kbb/base/house/2014/2014-Nissan-370Z-FrontSide_NI370ZC141_640x480.jpg?interpolation=high-quality&downsize=391:*'}"
2014,Nissan,Altima,['Sedan'],{'Sedan': 'https://file.kelleybluebookimages.com/kbb/base/house/2014/2014-Nissan-Altima-FrontSide_NIALTS141_640x480.jpg?interpolation=high-quality&downsize=391:*'}
2014,Nissan,Armada,['SUV'],{'SUV': 'https://file.kelleybluebookimages.com/kbb/base/house/2014/2014-Nissan-Armada-FrontSide_NTARM141_640x480.jpg?interpolation=high-quality&downsize=391:*'}
2014,Nissan,cube,['Wagon'],{'Wagon': 'https://file.kelleybluebookimages.com/kbb/base/evox/StJ/9646/2014-Nissan-cube-front-angle3_9646_089_640x480.jpg?interpolation=high-quality&downsize=391:*'}
2014,Nissan,Frontier Crew Cab,['Pickup'],{'Pickup': 'https://file.kelleybluebookimages.com/kbb/base/house/2014/2014-Nissan-Frontier%20Crew%20Cab-FrontSide_NTPUC141_640x480.jpg?interpolation=high-quality&downsize=391:*'}
2014,Nissan,Frontier King Cab,['Pickup'],{'Pickup': 'https://file.kelleybluebookimages.com/kbb/base/house/2014/2014-Nissan-Frontier%20King%20Cab-FrontSide_NTPUE141_640x480.jpg?interpolation=high-quality&downsize=391:*'}
2014,Nissan,GT-R,['Coupe'],{'Coupe': 'https://file.kelleybluebookimages.com/kbb/base/house/2014/2014-Nissan-GT-R-FrontSide_NIGTR141_640x480.jpg?interpolation=high-quality&downsize=391:*'}
2014,Nissan,JUKE,['SUV'],{'SUV': 'https://file.kelleybluebookimages.com/kbb/base/house/2014/2014-Nissan-JUKE-FrontSide_NTJUKE141_640x480.jpg?interpolation=high-quality&downsize=391:*'}
2014,Nissan,LEAF,['Hatchback'],{'Hatchback': 'https://file.kelleybluebookimages.com/kbb/base/house/2014/2014-Nissan-LEAF-FrontSide_NILF141_640x480.jpg?interpolation=high-quality&downsize=391:*'}
2014,Nissan,Maxima,['Sedan'],{'Sedan': 'https://file.kelleybluebookimages.com/kbb/base/house/2014/2014-Nissan-Maxima-FrontSide_NIMAX141_640x480.jpg?interpolation=high-quality&downsize=391:*'}
2014,Nissan,Murano,['SUV'],{'SUV': 'https://file.kelleybluebookimages.com/kbb/base/house/2014/2014-Nissan-Murano-FrontSide_NTMUR141_640x480.jpg?interpolation=high-quality&downsize=391:*'}
2014,Nissan,NV1500 Cargo,['Van/Minivan'],{'Van/Minivan': 'https://file.kelleybluebookimages.com/kbb/base/evox/ExtSpP/9654/2014-Nissan-NV1500%20Cargo-360SpinFrame_9654_032_2400x1800.png?interpolation=high-quality&downsize=391:*'}
2014,Nissan,NV200,['Van/Minivan'],{'Van/Minivan': 'https://file.kelleybluebookimages.com/kbb/base/house/2014/2014-Nissan-NV200-FrontSide_NTNV200141_640x480.jpg?interpolation=high-quality&downsize=391:*'}
2014,Nissan,NV2500 HD Cargo,['Van/Minivan'],{'Van/Minivan': 'https://file.kelleybluebookimages.com/kbb/base/house/2014/2014-Nissan-NV2500%20HD%20Cargo-FrontSide_NTNV141_640x480.jpg?interpolation=high-quality&downsize=391:*'}
2014,Nissan,NV3500 HD Cargo,['Van/Minivan'],{'Van/Minivan': 'https://file.kelleybluebookimages.com/kbb/base/house/2014/2014-Nissan-NV3500%20HD%20Cargo-FrontSide_NTNV141_640x480.jpg?interpolation=high-quality&downsize=391:*'}
2014,Nissan,NV3500 HD Passenger,['Van/Minivan'],{'Van/Minivan': 'https://file.kelleybluebookimages.com/kbb/base/house/2014/2014-Nissan-NV3500%20HD%20Passenger-FrontSide_NTNVP141_640x480.jpg?interpolation=high-quality&downsize=391:*'}
2014,Nissan,Pathfinder,['SUV'],{'SUV': 'https://file.kelleybluebookimages.com/kbb/base/house/2014/2014-Nissan-Pathfinder-FrontSide_NTPAT141_640x480.jpg?interpolation=high-quality&downsize=391:*'}
2014,Nissan,Quest,['Van/Minivan'],{'Van/Minivan': 'https://file.kelleybluebookimages.com/kbb/base/house/2014/2014-Nissan-Quest-FrontSide_NTQST141_640x480.jpg?interpolation=high-quality&downsize=391:*'}
2014,Nissan,Rogue,['SUV'],{'SUV': 'https://file.kelleybluebookimages.com/kbb/base/house/2014/2014-Nissan-Rogue-FrontSide_NTROG141_640x480.jpg?interpolation=high-quality&downsize=391:*'}
2014,Nissan,Rogue Select,['SUV'],{'SUV': 'https://file.kelleybluebookimages.com/kbb/base/house/2014/2014-Nissan-Rogue%20Select-FrontSide_NTROGSEL141_640x480.jpg?interpolation=high-quality&downsize=391:*'}
2014,Nissan,Sentra,['Sedan'],{'Sedan': 'https://file.kelleybluebookimages.com/kbb/base/house/2014/2014-Nissan-Sentra-FrontSide_NISEN141_640x480.jpg?interpolation=high-quality&downsize=391:*'}
2014,Nissan,Titan Crew Cab,['Pickup'],{'Pickup': 'https://file.kelleybluebookimages.com/kbb/base/house/2014/2014-Nissan-Titan%20Crew%20Cab-FrontSide_NTTICREW141_640x480.jpg?interpolation=high-quality&downsize=391:*'}
2014,Nissan,Titan King Cab,['Pickup'],{'Pickup': 'https://file.kelleybluebookimages.com/kbb/base/house/2014/2014-Nissan-Titan%20King%20Cab-FrontSide_NTTIKING141_640x480.jpg?interpolation=high-quality&downsize=391:*'}
2014,Nissan,Versa,"['Sedan', 'Hatchback']","{'Sedan': 'https://file.kelleybluebookimages.com/kbb/base/house/2014/2014-Nissan-Versa-FrontSide_NIVERS141_640x480.jpg?interpolation=high-quality&downsize=391:*', 'Hatchback': 'https://file.kelleybluebookimages.com/kbb/base/house/2014/2014-Nissan-Versa-FrontSide_NIVNOTE141_640x480.jpg?interpolation=high-quality&downsize=391:*'}"
2014,Nissan,Xterra,['SUV'],{'SUV': 'https://file.kelleybluebookimages.com/kbb/base/house/2014/2014-Nissan-Xterra-FrontSide_NTXTR141_640x480.jpg?interpolation=high-quality&downsize=391:*'}
2014,Porsche,911,"['Coupe', 'Convertible']","{'Convertible': 'https://file.kelleybluebookimages.com/kbb/base/evox/StJ/9008/2014-Porsche-911-front-angle3_9008_089_640x480.jpg?interpolation=high-quality&downsize=391:*', 'Coupe': 'https://file.kelleybluebookimages.com/kbb/base/house/2014/2014-Porsche-911-FrontSide_PS911CA141_640x480.jpg?interpolation=high-quality&downsize=391:*'}"
2014,Porsche,Boxster,['Convertible'],{'Convertible': 'https://file.kelleybluebookimages.com/kbb/base/house/2014/2014-Porsche-Boxster-FrontSide_PSBOX141_640x480.jpg?interpolation=high-quality&downsize=391:*'}
2014,Porsche,Cayenne,['SUV'],{'SUV': 'https://file.kelleybluebookimages.com/kbb/base/house/2014/2014-Porsche-Cayenne-FrontSide_PRCAY141_640x480.jpg?interpolation=high-quality&downsize=391:*'}
2014,Porsche,Cayman,['Coupe'],{'Coupe': 'https://file.kelleybluebookimages.com/kbb/base/house/2014/2014-Porsche-Cayman-FrontSide_PSCAY141_640x480.jpg?interpolation=high-quality&downsize=391:*'}
2014,Porsche,Panamera,['Sedan'],{'Sedan': 'https://file.kelleybluebookimages.com/kbb/base/house/2014/2014-Porsche-Panamera-FrontSide_PSPAN141_640x480.jpg?interpolation=high-quality&downsize=391:*'}
2014,Ram,1500 Crew Cab,['Pickup'],{'Pickup': 'https://file.kelleybluebookimages.com/kbb/base/evox/StJ/9053/2014-Ram-1500%20Crew%20Cab-front-angle3_9053_089_640x480.jpg?interpolation=high-quality&downsize=391:*'}
2014,Ram,1500 Quad Cab,['Pickup'],{'Pickup': 'https://file.kelleybluebookimages.com/kbb/base/house/2014/2014-Ram-1500%20Quad%20Cab-FrontSide_RA15Q141_640x480.jpg?interpolation=high-quality&downsize=391:*'}
2014,Ram,1500 Regular Cab,['Pickup'],{'Pickup': 'https://file.kelleybluebookimages.com/kbb/base/house/2014/2014-Ram-1500%20Regular%20Cab-FrontSide_RA15R141_640x480.jpg?interpolation=high-quality&downsize=391:*'}
2014,Ram,2500 Crew Cab,['Pickup'],{'Pickup': 'https://file.kelleybluebookimages.com/kbb/base/house/2014/2014-Ram-2500%20Crew%20Cab-FrontSide_RACREW141_640x480.jpg?interpolation=high-quality&downsize=391:*'}
2014,Ram,2500 Mega Cab,['Pickup'],{'Pickup': 'https://file.kelleybluebookimages.com/kbb/base/house/2014/2014-Ram-2500%20Mega%20Cab-FrontSide_RAMEGA141_640x480.jpg?interpolation=high-quality&downsize=391:*'}
2014,Ram,2500 Regular Cab,['Pickup'],{'Pickup': 'https://file.kelleybluebookimages.com/kbb/base/house/2014/2014-Ram-2500%20Regular%20Cab-FrontSide_RA25R141_640x480.jpg?interpolation=high-quality&downsize=391:*'}
2014,Ram,3500 Crew Cab,['Pickup'],{'Pickup': 'https://file.kelleybluebookimages.com/kbb/base/evox/StJ/9198/2014-Ram-3500%20Crew%20Cab-front-angle3_9198_089_640x480.jpg?interpolation=high-quality&downsize=391:*'}
2014,Ram,3500 Mega Cab,['Pickup'],{'Pickup': 'https://file.kelleybluebookimages.com/kbb/base/house/2014/2014-Ram-3500%20Mega%20Cab-FrontSide_RAMEGA141_640x480.jpg?interpolation=high-quality&downsize=391:*'}
2014,Ram,3500 Regular Cab,['Pickup'],{'Pickup': 'https://file.kelleybluebookimages.com/kbb/base/house/2014/2014-Ram-3500%20Regular%20Cab-FrontSide_RA35R141_640x480.jpg?interpolation=high-quality&downsize=391:*'}
2014,Ram,C/V Tradesman,['Van/Minivan'],{'Van/Minivan': 'https://file.kelleybluebookimages.com/kbb/base/house/2012/2012-Ram-C/V-FrontSide_RACV121_640x480.jpg?interpolation=high-quality&downsize=391:*'}
2014,Ram,ProMaster 1500 Cargo,['Van/Minivan'],{'Van/Minivan': 'https://file.kelleybluebookimages.com/kbb/base/evox/StJ/10381/2014-Ram-ProMaster%201500%20Cargo-front-angle3_10381_089_640x480.jpg?interpolation=high-quality&downsize=391:*'}
2014,Ram,ProMaster 2500 Cargo,['Van/Minivan'],{'Van/Minivan': 'https://file.kelleybluebookimages.com/kbb/base/house/2014/2014-Ram-ProMaster%202500%20Cargo-FrontSide_RAPMH141_640x480.jpg?interpolation=high-quality&downsize=391:*'}
2014,Ram,ProMaster 3500 Cargo,['Van/Minivan'],{'Van/Minivan': 'https://file.kelleybluebookimages.com/kbb/base/house/2014/2014-Ram-ProMaster%203500%20Cargo-FrontSide_RAPMH141_640x480.jpg?interpolation=high-quality&downsize=391:*'}
2014,Rolls-Royce,Ghost,['Sedan'],{'Sedan': 'https://file.kelleybluebookimages.com/kbb/base/house/2014/2014-Rolls-Royce-Ghost-FrontSide_RRGH141_640x480.jpg?interpolation=high-quality&downsize=391:*'}
2014,Rolls-Royce,Phantom,"['Sedan', 'Coupe', 'Convertible']","{'Sedan': 'https://file.kelleybluebookimages.com/kbb/base/house/2014/2014-Rolls-Royce-Phantom-FrontSide_RRPHAN141_640x480.jpg?interpolation=high-quality&downsize=391:*', 'Convertible': 'https://file.kelleybluebookimages.com/kbb/base/house/2014/2014-Rolls-Royce-Phantom-FrontSide_RRPHANR141_640x480.jpg?interpolation=high-quality&downsize=391:*', 'Coupe': 'https://file.kelleybluebookimages.com/kbb/base/house/2014/2014-Rolls-Royce-Phantom-FrontSide_RRPHANC141_640x480.jpg?interpolation=high-quality&downsize=391:*'}"
2014,Rolls-Royce,Wraith,['Coupe'],{'Coupe': 'https://file.kelleybluebookimages.com/kbb/base/house/2014/2014-Rolls-Royce-Wraith-FrontSide_RRWR141_640x480.jpg?interpolation=high-quality&downsize=391:*'}
2014,Scion,FR-S,['Coupe'],{'Coupe': 'https://file.kelleybluebookimages.com/kbb/base/house/2014/2014-Scion-FR-S-FrontSide_SIFRSMS141_640x480.jpg?interpolation=high-quality&downsize=391:*'}
2014,Scion,iQ,['Hatchback'],{'Hatchback': 'https://file.kelleybluebookimages.com/kbb/base/house/2014/2014-Scion-iQ-FrontSide_SIIQ141_640x480.jpg?interpolation=high-quality&downsize=391:*'}
2014,Scion,tC,['Coupe'],{'Coupe': 'https://file.kelleybluebookimages.com/kbb/base/evox/StJ/8885/2014-Scion-tC-front-angle3_8885_089_640x480.jpg?interpolation=high-quality&downsize=391:*'}
2014,Scion,xB,['Hatchback'],{'Hatchback': 'https://file.kelleybluebookimages.com/kbb/base/evox/StJ/9550/2014-Scion-xB-front-angle3_9550_089_640x480.jpg?interpolation=high-quality&downsize=391:*'}
2014,Scion,xD,['Hatchback'],{'Hatchback': 'https://file.kelleybluebookimages.com/kbb/base/house/2014/2014-Scion-xD-FrontSide_SIXD1401_640x480.jpg?interpolation=high-quality&downsize=391:*'}
2014,smart,fortwo,"['Hatchback', 'Convertible']","{'Convertible': 'https://file.kelleybluebookimages.com/kbb/base/house/2014/2014-smart-fortwo-FrontSide_SMR141_640x480.jpg?interpolation=high-quality&downsize=391:*', 'Hatchback': 'https://file.kelleybluebookimages.com/kbb/base/house/2014/2014-smart-fortwo-FrontSide_SMH141_640x480.jpg?interpolation=high-quality&downsize=391:*'}"
2014,smart,fortwo electric drive,"['Hatchback', 'Convertible']","{'Convertible': 'https://file.kelleybluebookimages.com/kbb/base/evox/StJ/9640/2014-smart-fortwo%20electric%20drive-front-angle3_9640_089_640x480.jpg?interpolation=high-quality&downsize=391:*', 'Hatchback': 'https://file.kelleybluebookimages.com/kbb/base/house/2014/2014-smart-fortwo%20electric%20drive-FrontSide_SMEDH141_640x480.jpg?interpolation=high-quality&downsize=391:*'}"
2014,SRT,Viper,['Coupe'],{'Coupe': 'https://file.kelleybluebookimages.com/kbb/base/house/2014/2014-SRT-Viper-FrontSide_SVVIP141_640x480.jpg?interpolation=high-quality&downsize=391:*'}
2014,Subaru,BRZ,['Coupe'],{'Coupe': 'https://file.kelleybluebookimages.com/kbb/base/house/2014/2014-Subaru-BRZ-FrontSide_SUBRZ141_640x480.jpg?interpolation=high-quality&downsize=391:*'}
2014,Subaru,Forester,['SUV'],{'SUV': 'https://file.kelleybluebookimages.com/kbb/base/evox/StJ/8575/2014-Subaru-Forester-front-angle3_8575_089_640x480.jpg?interpolation=high-quality&downsize=391:*'}
2014,Subaru,Impreza,"['Sedan', 'Wagon']","{'Sedan': 'https://file.kelleybluebookimages.com/kbb/base/evox/StJ/9483/2014-Subaru-Impreza-front-angle3_9483_089_640x480.jpg?interpolation=high-quality&downsize=391:*', 'Wagon': 'https://file.kelleybluebookimages.com/kbb/base/evox/StJ/9457/2014-Subaru-Impreza-front-angle3_9457_089_640x480.jpg?interpolation=high-quality&downsize=391:*'}"
2014,Subaru,Legacy,['Sedan'],{'Sedan': 'https://file.kelleybluebookimages.com/kbb/base/house/2014/2014-Subaru-Legacy-FrontSide_SULEG141_640x480.jpg?interpolation=high-quality&downsize=391:*'}
2014,Subaru,Outback,['Wagon'],{'Wagon': 'https://file.kelleybluebookimages.com/kbb/base/house/2014/2014-Subaru-Outback-FrontSide_SUOUT141_640x480.jpg?interpolation=high-quality&downsize=391:*'}
2014,Subaru,Tribeca,['SUV'],{'SUV': 'https://file.kelleybluebookimages.com/kbb/base/house/2014/2014-Subaru-Tribeca-FrontSide_STTRI141_640x480.jpg?interpolation=high-quality&downsize=391:*'}
2014,Subaru,XV Crosstrek,['SUV'],{'SUV': 'https://file.kelleybluebookimages.com/kbb/base/house/2014/2014-Subaru-XV%20Crosstrek-FrontSide_STXVC141_640x480.jpg?interpolation=high-quality&downsize=391:*'}
2014,Tesla,Model S,['Sedan'],{'Sedan': 'https://file.kelleybluebookimages.com/kbb/base/house/2014/2014-Tesla-Model%20S-FrontSide_TEMODS141_640x480.jpg?interpolation=high-quality&downsize=391:*'}
2014,Toyota,4Runner,['SUV'],{'SUV': 'https://file.kelleybluebookimages.com/kbb/base/house/2014/2014-Toyota-4Runner-FrontSide_TT4RUNSR5141_640x480.jpg?interpolation=high-quality&downsize=391:*'}
2014,Toyota,Avalon,['Sedan'],{'Sedan': 'https://file.kelleybluebookimages.com/kbb/base/house/2014/2014-Toyota-Avalon-FrontSide_TOAV141_640x480.jpg?interpolation=high-quality&downsize=391:*'}
2014,Toyota,Camry,['Sedan'],{'Sedan': 'https://file.kelleybluebookimages.com/kbb/base/evox/StJ/9110/2014-Toyota-Camry-front-angle3_9110_089_640x480.jpg?interpolation=high-quality&downsize=391:*'}
2014,Toyota,Corolla,['Sedan'],{'Sedan': 'https://file.kelleybluebookimages.com/kbb/base/house/2014/2014-Toyota-Corolla-FrontSide_TOCORECO141_640x480.jpg?interpolation=high-quality&downsize=391:*'}
2014,Toyota,FJ Cruiser,['SUV'],{'SUV': 'https://file.kelleybluebookimages.com/kbb/base/house/2014/2014-Toyota-FJ%20Cruiser-FrontSide_TTFJC141_640x480.jpg?interpolation=high-quality&downsize=391:*'}
2014,Toyota,Highlander,['SUV'],{'SUV': 'https://file.kelleybluebookimages.com/kbb/base/house/2014/2014-Toyota-Highlander-FrontSide_TTHIGH141_640x480.jpg?interpolation=high-quality&downsize=391:*'}
2014,Toyota,Land Cruiser,['SUV'],{'SUV': 'https://file.kelleybluebookimages.com/kbb/base/house/2014/2014-Toyota-Land%20Cruiser-FrontSide_TTLC141_640x480.jpg?interpolation=high-quality&downsize=391:*'}
2014,Toyota,Prius,['Hatchback'],{'Hatchback': 'https://file.kelleybluebookimages.com/kbb/base/evox/StJ/9309/2014-Toyota-Prius-front-angle3_9309_089_640x480.jpg?interpolation=high-quality&downsize=391:*'}
2014,Toyota,Prius c,['Hatchback'],{'Hatchback': 'https://file.kelleybluebookimages.com/kbb/base/house/2014/2014-Toyota-Prius%20c-FrontSide_TOPRIUSC141_640x480.jpg?interpolation=high-quality&downsize=391:*'}
2014,Toyota,Prius Plug-in Hybrid,['Hatchback'],{'Hatchback': 'https://file.kelleybluebookimages.com/kbb/base/house/2014/2014-Toyota-Prius%20Plug-in%20Hybrid-FrontSide_TOPRIUSP141_640x480.jpg?interpolation=high-quality&downsize=391:*'}
2014,Toyota,Prius v,['Wagon'],{'Wagon': 'https://file.kelleybluebookimages.com/kbb/base/house/2014/2014-Toyota-Prius%20v-FrontSide_TOPRIUSV141_640x480.jpg?interpolation=high-quality&downsize=391:*'}
2014,Toyota,RAV4,['SUV'],{'SUV': 'https://file.kelleybluebookimages.com/kbb/base/evox/StJ/9513/2014-Toyota-RAV4-front-angle3_9513_089_640x480.jpg?interpolation=high-quality&downsize=391:*'}
2014,Toyota,Sequoia,['SUV'],{'SUV': 'https://file.kelleybluebookimages.com/kbb/base/house/2014/2014-Toyota-Sequoia-FrontSide_TTSEQ141_640x480.jpg?interpolation=high-quality&downsize=391:*'}
2014,Toyota,Sienna,['Van/Minivan'],{'Van/Minivan': 'https://file.kelleybluebookimages.com/kbb/base/house/2014/2014-Toyota-Sienna-FrontSide_TTSIE141_640x480.jpg?interpolation=high-quality&downsize=391:*'}
2014,Toyota,Tacoma Access Cab,['Pickup'],{'Pickup': 'https://file.kelleybluebookimages.com/kbb/base/house/2014/2014-Toyota-Tacoma%20Access%20Cab-Side_TTTCE143_640x480.jpg?interpolation=high-quality&downsize=391:*'}
2014,Toyota,Tacoma Double Cab,['Pickup'],{'Pickup': 'https://file.kelleybluebookimages.com/kbb/base/house/2014/2014-Toyota-Tacoma%20Double%20Cab-FrontSide_TTTCC141_640x480.jpg?interpolation=high-quality&downsize=391:*'}
2014,Toyota,Tacoma Regular Cab,['Pickup'],{'Pickup': 'https://file.kelleybluebookimages.com/kbb/base/house/2014/2014-Toyota-Tacoma%20Regular%20Cab-FrontSide_TTTCR141_640x480.jpg?interpolation=high-quality&downsize=391:*'}
2014,Toyota,Tundra CrewMax,['Pickup'],{'Pickup': 'https://file.kelleybluebookimages.com/kbb/base/house/2014/2014-Toyota-Tundra%20CrewMax-FrontSide_TTTUC141_640x480.jpg?interpolation=high-quality&downsize=391:*'}
2014,Toyota,Tundra Double Cab,['Pickup'],{'Pickup': 'https://file.kelleybluebookimages.com/kbb/base/house/2014/2014-Toyota-Tundra%20Double%20Cab-FrontSide_TTTUD141_640x480.jpg?interpolation=high-quality&downsize=391:*'}
2014,Toyota,Tundra Regular Cab,['Pickup'],{'Pickup': 'https://file.kelleybluebookimages.com/kbb/base/house/2014/2014-Toyota-Tundra%20Regular%20Cab-FrontSide_TTTUR141_640x480.jpg?interpolation=high-quality&downsize=391:*'}
2014,Toyota,Venza,['Wagon'],{'Wagon': 'https://file.kelleybluebookimages.com/kbb/base/house/2014/2014-Toyota-Venza-FrontSide_TTVEN141_640x480.jpg?interpolation=high-quality&downsize=391:*'}
2014,Toyota,Yaris,['Hatchback'],{'Hatchback': 'https://file.kelleybluebookimages.com/kbb/base/evox/StJ/8935/2014-Toyota-Yaris-front-angle3_8935_089_640x480.jpg?interpolation=high-quality&downsize=391:*'}
2014,Volkswagen,Beetle,"['Hatchback', 'Convertible']","{'Convertible': 'https://file.kelleybluebookimages.com/kbb/base/evox/StJ/9313/2014-Volkswagen-Beetle-front-angle3_9313_089_640x480.jpg?interpolation=high-quality&downsize=391:*', 'Hatchback': 'https://file.kelleybluebookimages.com/kbb/base/house/2014/2014-Volkswagen-Beetle-FrontSide_VWBET141_640x480.jpg?interpolation=high-quality&downsize=391:*'}"
2014,Volkswagen,CC,['Sedan'],{'Sedan': 'https://file.kelleybluebookimages.com/kbb/base/house/2014/2014-Volkswagen-CC-FrontSide_VWCC141_640x480.jpg?interpolation=high-quality&downsize=391:*'}
2014,Volkswagen,Eos,['Convertible'],{'Convertible': 'https://file.kelleybluebookimages.com/kbb/base/house/2014/2014-Volkswagen-Eos-FrontSide_VWEOS141_640x480.jpg?interpolation=high-quality&downsize=391:*'}
2014,Volkswagen,Golf,['Hatchback'],{'Hatchback': 'https://file.kelleybluebookimages.com/kbb/base/house/2014/2014-Volkswagen-Golf-FrontSide_VWGOLF4141_640x480.jpg?interpolation=high-quality&downsize=391:*'}
2014,Volkswagen,GTI,['Hatchback'],{'Hatchback': 'https://file.kelleybluebookimages.com/kbb/base/house/2014/2014-Volkswagen-GTI-FrontSide_VWGTIC141_640x480.jpg?interpolation=high-quality&downsize=391:*'}
2014,Volkswagen,Jetta,['Sedan'],{'Sedan': 'https://file.kelleybluebookimages.com/kbb/base/house/2014/2014-Volkswagen-Jetta-FrontSide_VWJETSED141_640x480.jpg?interpolation=high-quality&downsize=391:*'}
2014,Volkswagen,Jetta SportWagen,['Wagon'],{'Wagon': 'https://file.kelleybluebookimages.com/kbb/base/house/2014/2014-Volkswagen-Jetta%20SportWagen-FrontSide_VWJETW141_640x480.jpg?interpolation=high-quality&downsize=391:*'}
2014,Volkswagen,Passat,['Sedan'],{'Sedan': 'https://file.kelleybluebookimages.com/kbb/base/house/2014/2014-Volkswagen-Passat-FrontSide_VWPAS141_640x480.jpg?interpolation=high-quality&downsize=391:*'}
2014,Volkswagen,Routan,['Van/Minivan'],{'Van/Minivan': 'https://file.kelleybluebookimages.com/kbb/base/house/2014/2014-Volkswagen-Routan-FrontSide_VTROU141_640x480.jpg?interpolation=high-quality&downsize=391:*'}
2014,Volkswagen,Tiguan,['SUV'],{'SUV': 'https://file.kelleybluebookimages.com/kbb/base/house/2014/2014-Volkswagen-Tiguan-FrontSide_VTTIG141_640x480.jpg?interpolation=high-quality&downsize=391:*'}
2014,Volkswagen,Touareg,['SUV'],{'SUV': 'https://file.kelleybluebookimages.com/kbb/base/house/2014/2014-Volkswagen-Touareg-FrontSide_VTTOUAREG141_640x480.jpg?interpolation=high-quality&downsize=391:*'}
2014,Volvo,S60,['Sedan'],{'Sedan': 'https://file.kelleybluebookimages.com/kbb/base/house/2014/2014-Volvo-S60-FrontSide_VOS60141_640x480.jpg?interpolation=high-quality&downsize=391:*'}
2014,Volvo,S80,['Sedan'],{'Sedan': 'https://file.kelleybluebookimages.com/kbb/base/house/2014/2014-Volvo-S80-FrontSide_VOS80141_640x480.jpg?interpolation=high-quality&downsize=391:*'}
2014,Volvo,XC60,['SUV'],{'SUV': 'https://file.kelleybluebookimages.com/kbb/base/house/2014/2014-Volvo-XC60-FrontSide_VSXC60141_640x480.jpg?interpolation=high-quality&downsize=391:*'}
2014,Volvo,XC70,['Wagon'],{'Wagon': 'https://file.kelleybluebookimages.com/kbb/base/house/2014/2014-Volvo-XC70-FrontSide_VOXC70141_640x480.jpg?interpolation=high-quality&downsize=391:*'}
2014,Volvo,XC90,['SUV'],{'SUV': 'https://file.kelleybluebookimages.com/kbb/base/house/2014/2014-Volvo-XC90-FrontSide_VSXC90141_640x480.jpg?interpolation=high-quality&downsize=391:*'}