year,make,model,body_styles,trim_data,image_sources
2020,Acura,ILX,['Sedan'],"{'Sedan': {'Base Style': {'Combined Fuel Economy': '28 MPG', 'Seating': 'Seats 5', 'Horsepower': '201 @ 6800 RPM HP', 'Engine': '4-Cyl, i-VTEC, 2.4 Liter'}, 'Premium Pkg': {'Combined Fuel Economy': '28 MPG', 'Seating': 'Seats 5', 'Horsepower': '201 @ 6800 RPM HP', 'Engine': '4-Cyl, i-VTEC, 2.4 Liter'}, 'Technology Pkg': {'Combined Fuel Economy': '28 MPG', 'Seating': 'Seats 5', 'Horsepower': '201 @ 6800 RPM HP', 'Engine': '4-Cyl, i-VTEC, 2.4 Liter'}, 'Premium & A-SPEC Pkgs': {'Combined Fuel Economy': '28 MPG', 'Seating': 'Seats 5', 'Horsepower': '201 @ 6800 RPM HP', 'Engine': '4-Cyl, i-VTEC, 2.4 Liter'}, 'Technology & A-SPEC Pkgs': {'Combined Fuel Economy': '28 MPG', 'Seating': 'Seats 5', 'Horsepower': '201 @ 6800 RPM HP', 'Engine': '4-Cyl, i-VTEC, 2.4 Liter'}}}",{'Sedan': 'https://file.kelleybluebookimages.com/kbb/base/evox/CP/13221/2020-Acura-ILX-front_13221_032_1837x765_SX_cropped.png?interpolation=high-quality&downsize=391:*'}
2020,Acura,MDX,['SUV'],"{'SUV': {'SH-AWD w/Advance & Entertainment Pkgs': {'Horsepower': '290 @ 6200 rpm HP', 'Engine': 'V6, i-VTEC, 3.5 Liter', 'Combined Fuel Economy': '22 MPG', 'Seating': 'Seats 6'}, 'SH-AWD w/Technology & A-Spec Pkgs': {'Horsepower': '290 @ 6200 rpm HP', 'Engine': 'V6, i-VTEC, 3.5 Liter', 'Combined Fuel Economy': '21 MPG', 'Seating': 'Seats 7'}, 'SH-AWD w/Technology Pkg': {'Horsepower': '290 @ 6200 rpm HP', 'Engine': 'V6, i-VTEC, 3.5 Liter', 'Combined Fuel Economy': '22 MPG', 'Seating': 'Seats 7'}, 'SH-AWD': {'Horsepower': '290 @ 6200 rpm HP', 'Engine': 'V6, i-VTEC, 3.5 Liter', 'Combined Fuel Economy': '22 MPG', 'Seating': 'Seats 7'}, 'Base w/Technology Pkg': {'Horsepower': '290 @ 6200 rpm HP', 'Engine': 'V6, i-VTEC, 3.5 Liter', 'Combined Fuel Economy': '23 MPG', 'Seating': 'Seats 7'}, 'Base Style': {'Horsepower': '290 @ 6200 rpm HP', 'Engine': 'V6, i-VTEC, 3.5 Liter', 'Combined Fuel Economy': '23 MPG', 'Seating': 'Seats 7'}, 'Base w/Advance Pkg': {'Horsepower': '290 @ 6200 rpm HP', 'Engine': 'V6, i-VTEC, 3.5 Liter', 'Combined Fuel Economy': '23 MPG', 'Seating': 'Seats 6'}, 'SH-AWD w/Advance Pkg': {'Horsepower': '290 @ 6200 rpm HP', 'Engine': 'V6, i-VTEC, 3.5 Liter', 'Combined Fuel Economy': '22 MPG', 'Seating': 'Seats 6'}, 'SH-AWD w/Technology & Entertainment Pkgs': {'Horsepower': '290 @ 6200 rpm HP', 'Engine': 'V6, i-VTEC, 3.5 Liter', 'Combined Fuel Economy': '22 MPG', 'Seating': 'Seats 7'}}}",{'SUV': 'https://file.kelleybluebookimages.com/kbb/base/evox/ExtSpP/12361/2020-Acura-MDX-360SpinFrame_12361_032_2400x1800.png?interpolation=high-quality&downsize=391:*'}
2020,Acura,MDX Sport Hybrid,['SUV'],"{'SUV': {'SH-AWD w/Technology Pkg': {'Combined Fuel Economy': '27 MPG', 'Seating': 'Seats 7', 'Horsepower': '321 @ 6300 RPM HP', 'Engine': 'V6, Hybrid, i-VTEC, 3.0 Liter'}, 'SH-AWD w/Advance Pkg': {'Combined Fuel Economy': '27 MPG', 'Seating': 'Seats 6', 'Horsepower': '321 @ 6300 RPM HP', 'Engine': 'V6, Hybrid, i-VTEC, 3.0 Liter'}}}",{'SUV': 'https://file.kelleybluebookimages.com/kbb/base/evox/CP/12992/2020-Acura-MDX%20Sport%20Hybrid-front_12992_032_1846x845_GY_cropped.png?interpolation=high-quality&downsize=391:*'}
2020,Acura,NSX,['Coupe'],"{'Coupe': {'SH-AWD': {'Combined Fuel Economy': '21 MPG', 'Seating': 'Seats 2', 'Engine': 'V6, Hybrid, Twin Turbo, 3.5 Liter'}}}",{'Coupe': 'https://file.kelleybluebookimages.com/kbb/base/house/2020/2020-Acura-NSX-FrontSide_ACNSX2001_640x480.jpg?interpolation=high-quality&downsize=391:*'}
2020,Acura,RDX,['SUV'],"{'SUV': {'SH-AWD w/A-SPEC Pkg': {'Horsepower': '272 @ 6500 rpm HP', 'Engine': '4-Cyl, VTEC, Turbo, 2.0 Liter', 'Combined Fuel Economy': '23 MPG', 'Seating': 'Seats 5'}, 'Base w/Advance Pkg': {'Horsepower': '272 @ 6500 rpm HP', 'Engine': '4-Cyl, VTEC, Turbo, 2.0 Liter', 'Combined Fuel Economy': '24 MPG', 'Seating': 'Seats 5'}, 'SH-AWD': {'Horsepower': '272 @ 6500 rpm HP', 'Engine': '4-Cyl, VTEC, Turbo, 2.0 Liter', 'Combined Fuel Economy': '23 MPG', 'Seating': 'Seats 5'}, 'Base w/Technology Pkg': {'Horsepower': '272 @ 6500 rpm HP', 'Engine': '4-Cyl, VTEC, Turbo, 2.0 Liter', 'Combined Fuel Economy': '24 MPG', 'Seating': 'Seats 5'}, 'Base Style': {'Horsepower': '272 @ 6500 rpm HP', 'Engine': '4-Cyl, VTEC, Turbo, 2.0 Liter', 'Combined Fuel Economy': '24 MPG', 'Seating': 'Seats 5'}, 'Base w/A-SPEC Pkg': {'Horsepower': '272 @ 6500 rpm HP', 'Engine': '4-Cyl, VTEC, Turbo, 2.0 Liter', 'Combined Fuel Economy': '24 MPG', 'Seating': 'Seats 5'}, 'SH-AWD w/Advance Pkg': {'Horsepower': '272 @ 6500 rpm HP', 'Engine': '4-Cyl, VTEC, Turbo, 2.0 Liter', 'Combined Fuel Economy': '23 MPG', 'Seating': 'Seats 5'}, 'SH-AWD w/Technology Pkg': {'Horsepower': '272 @ 6500 rpm HP', 'Engine': '4-Cyl, VTEC, Turbo, 2.0 Liter', 'Combined Fuel Economy': '23 MPG', 'Seating': 'Seats 5'}}}",{'SUV': 'https://file.kelleybluebookimages.com/kbb/base/evox/ExtSpP/12875/2020-Acura-RDX-360SpinFrame_12875_032_2400x1800.png?interpolation=high-quality&downsize=391:*'}
2020,Acura,RLX,['Sedan'],"{'Sedan': {'Base Style': {'Combined Fuel Economy': '23 MPG', 'Seating': 'Seats 5', 'Horsepower': '310 @ 6500 RPM HP', 'Engine': 'V6, i-VTEC, 3.5 Liter'}}}",{'Sedan': 'https://file.kelleybluebookimages.com/kbb/base/evox/CP/12480/2020-Acura-RLX-front_12480_032_1831x722_GY_cropped.png?interpolation=high-quality&downsize=391:*'}
2020,Acura,RLX Sport Hybrid,['Sedan'],"{'Sedan': {'SH-AWD': {'Combined Fuel Economy': '28 MPG', 'Seating': 'Seats 5', 'Horsepower': '377 @ 6500 RPM HP', 'Engine': 'V6, Hybrid, i-VTEC, 3.5 Liter'}}}",{'Sedan': 'https://file.kelleybluebookimages.com/kbb/base/evox/CP/12568/2020-Acura-RLX%20Sport%20Hybrid-front_12568_032_1834x729_GZ_cropped.png?interpolation=high-quality&downsize=391:*'}
2020,Acura,TLX,['Sedan'],"{'Sedan': {'3.5 w/Advance Pkg': {'Horsepower': '290 @ 6200 rpm HP', 'Engine': 'V6, i-VTEC, 3.5 Liter', 'Combined Fuel Economy': '23 MPG', 'Seating': 'Seats 5'}, '2.4 w/Technology Pkg': {'Horsepower': '206 @ 6800 rpm HP', 'Engine': '4-Cyl, i-VTEC, 2.4 Liter', 'Combined Fuel Economy': '27 MPG', 'Seating': 'Seats 5'}, '3.5 w/Technology Pkg': {'Horsepower': '290 @ 6200 rpm HP', 'Engine': 'V6, i-VTEC, 3.5 Liter', 'Combined Fuel Economy': '24 MPG', 'Seating': 'Seats 5'}, '3.5': {'Horsepower': '290 @ 6200 rpm HP', 'Engine': 'V6, i-VTEC, 3.5 Liter', 'Combined Fuel Economy': '24 MPG', 'Seating': 'Seats 5'}, '2.4 w/Technology Pkg & A-SPEC Pkg': {'Horsepower': '206 @ 6800 rpm HP', 'Engine': '4-Cyl, i-VTEC, 2.4 Liter', 'Combined Fuel Economy': '26 MPG', 'Seating': 'Seats 5'}, '3.5 w/Technology Pkg & A-SPEC Pkg': {'Horsepower': '290 @ 6200 rpm HP', 'Engine': 'V6, i-VTEC, 3.5 Liter', 'Combined Fuel Economy': '23 MPG', 'Seating': 'Seats 5'}, '2.4': {'Horsepower': '206 @ 6800 rpm HP', 'Engine': '4-Cyl, i-VTEC, 2.4 Liter', 'Combined Fuel Economy': '27 MPG', 'Seating': 'Seats 5'}}}",{'Sedan': 'https://file.kelleybluebookimages.com/kbb/base/evox/ExtSpP/12057/2020-Acura-TLX-360SpinFrame_12057_032_2400x1800.png?interpolation=high-quality&downsize=391:*'}
2020,Alfa Romeo,4C Spider,['Convertible'],"{'Convertible': {'Base Style': {'Combined Fuel Economy': '28 MPG', 'Seating': 'Seats 2', 'Horsepower': '237 @ 6000 RPM HP', 'Engine': '4-Cyl, Turbo, 1.7 Liter'}}}",{'Convertible': 'https://file.kelleybluebookimages.com/kbb/base/house/2020/2020-Alfa%20Romeo-4C%20Spider-FrontSide_AL4CS2001_640x480.jpg?interpolation=high-quality&downsize=391:*'}
2020,Alfa Romeo,Giulia,['Sedan'],,
2020,Alfa Romeo,Stelvio,['SUV'],,
2020,Audi,A3,['Sedan'],"{'Sedan': {'Premium': {'Combined Fuel Economy': '30 MPG', 'Seating': 'Seats 5', 'Horsepower': '184 @ 4400 RPM HP', 'Engine': '4-Cyl, Turbo, 2.0 Liter'}, 'Premium Plus': {'Combined Fuel Economy': '30 MPG', 'Seating': 'Seats 5', 'Horsepower': '184 @ 4400 RPM HP', 'Engine': '4-Cyl, Turbo, 2.0 Liter'}, 'S line Premium': {'Combined Fuel Economy': '25 MPG', 'Seating': 'Seats 5', 'Horsepower': '228 @ 4500 RPM HP', 'Engine': '4-Cyl, Turbo, 2.0 Liter'}, 'S line Premium Plus': {'Combined Fuel Economy': '25 MPG', 'Seating': 'Seats 5', 'Horsepower': '228 @ 4500 RPM HP', 'Engine': '4-Cyl, Turbo, 2.0 Liter'}}}",{'Sedan': 'https://file.kelleybluebookimages.com/kbb/base/evox/CP/14203/2020-Audi-A3-front_14203_032_1815x776_0E_cropped.png?interpolation=high-quality&downsize=391:*'}
2020,Audi,A4,['Sedan'],,
2020,Audi,A5,"['Coupe', 'Convertible', 'Sedan']",,
2020,Audi,A6,['Sedan'],"{'Sedan': {'Premium 2.0': {'Combined Fuel Economy': '27 MPG', 'Seating': 'Seats 5', 'Horsepower': '248 @ 4300 RPM HP', 'Engine': '4-Cyl, Turbo, 2.0 Liter'}, 'Premium Plus 2.0': {'Combined Fuel Economy': '27 MPG', 'Seating': 'Seats 5', 'Horsepower': '248 @ 4300 RPM HP', 'Engine': '4-Cyl, Turbo, 2.0 Liter'}, 'Premium 3.0': {'Combined Fuel Economy': '24 MPG', 'Seating': 'Seats 5', 'Horsepower': '355 @ 5000 RPM HP', 'Engine': 'V6, Turbo, 3.0 Liter'}, 'Premium Plus 3.0': {'Combined Fuel Economy': '24 MPG', 'Seating': 'Seats 5', 'Horsepower': '355 @ 5000 RPM HP', 'Engine': 'V6, Turbo, 3.0 Liter'}, 'Prestige 2.0': {'Combined Fuel Economy': '27 MPG', 'Seating': 'Seats 5', 'Horsepower': '248 @ 4300 RPM HP', 'Engine': '4-Cyl, Turbo, 2.0 Liter'}, 'Prestige 3.0': {'Combined Fuel Economy': '24 MPG', 'Seating': 'Seats 5', 'Horsepower': '355 @ 5000 RPM HP', 'Engine': 'V6, Turbo, 3.0 Liter'}}}",{'Sedan': 'https://file.kelleybluebookimages.com/kbb/base/house/2020/2020-Audi-A6-FrontSide_AUA62001_640x480.jpg?interpolation=high-quality&downsize=391:*'}
2020,Audi,A6 allroad,['Wagon'],,
2020,Audi,A7,['Sedan'],"{'Sedan': {'Premium': {'Combined Fuel Economy': '24 MPG', 'Seating': 'Seats 5', 'Horsepower': '335 @ 5000 RPM HP', 'Engine': 'V6, Turbo, 3.0 Liter'}, 'Premium Plus': {'Combined Fuel Economy': '24 MPG', 'Seating': 'Seats 5', 'Horsepower': '335 @ 5000 RPM HP', 'Engine': 'V6, Turbo, 3.0 Liter'}, 'Prestige': {'Combined Fuel Economy': '24 MPG', 'Seating': 'Seats 5', 'Horsepower': '335 @ 5000 RPM HP', 'Engine': 'V6, Turbo, 3.0 Liter'}}}",{'Sedan': 'https://file.kelleybluebookimages.com/kbb/base/evox/CP/13282/2020-Audi-A7-front_13282_032_1841x712_A2_cropped.png?interpolation=high-quality&downsize=391:*'}
2020,Audi,Q3,['SUV'],"{'SUV': {'Premium': {'Combined Fuel Economy': '22 MPG', 'Seating': 'Seats 5', 'Horsepower': '228 @ 5000 RPM HP', 'Engine': '4-Cyl, Turbo, 2.0 Liter'}, 'S line Premium': {'Combined Fuel Economy': '22 MPG', 'Seating': 'Seats 5', 'Horsepower': '228 @ 5000 RPM HP', 'Engine': '4-Cyl, Turbo, 2.0 Liter'}, 'Premium Plus': {'Combined Fuel Economy': '22 MPG', 'Seating': 'Seats 5', 'Horsepower': '228 @ 5000 RPM HP', 'Engine': '4-Cyl, Turbo, 2.0 Liter'}, 'S line Premium Plus': {'Combined Fuel Economy': '22 MPG', 'Seating': 'Seats 5', 'Horsepower': '228 @ 5000 RPM HP', 'Engine': '4-Cyl, Turbo, 2.0 Liter'}, 'S line Prestige': {'Combined Fuel Economy': '22 MPG', 'Seating': 'Seats 5', 'Horsepower': '228 @ 5000 RPM HP', 'Engine': '4-Cyl, Turbo, 2.0 Liter'}}}",{'SUV': 'https://file.kelleybluebookimages.com/kbb/base/evox/CP/13829/2020-Audi-Q3-front_13829_032_1847x874_Y1_cropped.png?interpolation=high-quality&downsize=391:*'}
2020,Audi,Q5,['SUV'],"{'SUV': {'45 TFSI Premium': {'Combined Fuel Economy': '24 MPG', 'Seating': 'Seats 5', 'Horsepower': '248 hp HP', 'Engine': '4-Cyl, Turbo, 2.0 Liter'}, '45 TFSI Premium Plus': {'Combined Fuel Economy': '24 MPG', 'Seating': 'Seats 5', 'Horsepower': '248 hp HP', 'Engine': '4-Cyl, Turbo, 2.0 Liter'}, '45 TFSI Prestige': {'Combined Fuel Economy': '24 MPG', 'Seating': 'Seats 5', 'Horsepower': '248 hp HP', 'Engine': '4-Cyl, Turbo, 2.0 Liter'}}}",{'SUV': 'https://file.kelleybluebookimages.com/kbb/base/evox/CP/14210/2020-Audi-Q5-front_14210_032_1843x863_2D_cropped.png?interpolation=high-quality&downsize=391:*'}
2020,Audi,Q7,['SUV'],,
2020,Audi,Q8,['SUV'],,
2020,Audi,R8,"['Coupe', 'Convertible']","{'Convertible': {'V10 Performance Spyder': {'Horsepower': '562 @ 7800 rpm HP', 'Engine': 'V10, 5.2 Liter', 'Combined Fuel Economy': '16 MPG', 'Seating': 'Seats 2'}, 'V10 Spyder': {'Horsepower': '562 @ 7800 rpm HP', 'Engine': 'V10, 5.2 Liter', 'Combined Fuel Economy': '16 MPG', 'Seating': 'Seats 2'}}, 'Coupe': {'V10': {'Horsepower': '562 @ 7800 rpm HP', 'Engine': 'V10, 5.2 Liter', 'Combined Fuel Economy': '16 MPG', 'Seating': 'Seats 2'}, 'V10 Performance': {'Horsepower': '562 @ 7800 rpm HP', 'Engine': 'V10, 5.2 Liter', 'Combined Fuel Economy': '16 MPG', 'Seating': 'Seats 2'}}}","{'Convertible': 'https://file.kelleybluebookimages.com/kbb/base/house/2020/2020-Audi-R8-FrontSide_AUR8SP2001_640x480.jpg?interpolation=high-quality&downsize=391:*', 'Coupe': 'https://file.kelleybluebookimages.com/kbb/base/house/2020/2020-Audi-R8-FrontSide_AUR82001_640x480.jpg?interpolation=high-quality&downsize=391:*'}"
2020,Audi,S4,['Sedan'],,
2020,Audi,S8,['Sedan'],,
2020,Audi,SQ5,['SUV'],"{'SUV': {'Premium': {'Combined Fuel Economy': '20 MPG', 'Seating': 'Seats 5', 'Horsepower': '349 @ 5400 RPM HP', 'Engine': 'V6, Turbo, 3.0 Liter'}, 'Premium Plus': {'Combined Fuel Economy': '20 MPG', 'Seating': 'Seats 5', 'Horsepower': '349 @ 5400 RPM HP', 'Engine': 'V6, Turbo, 3.0 Liter'}, 'Prestige': {'Combined Fuel Economy': '20 MPG', 'Seating': 'Seats 5', 'Horsepower': '349 @ 5400 RPM HP', 'Engine': 'V6, Turbo, 3.0 Liter'}}}",{'SUV': 'https://file.kelleybluebookimages.com/kbb/base/evox/CP/13367/2020-Audi-SQ5-front_13367_032_1853x865_2Y_cropped.png?interpolation=high-quality&downsize=391:*'}
2020,Audi,TT,['Coupe'],"{'Coupe': {'Base Style': {'Combined Fuel Economy': '26 MPG', 'Seating': 'Seats 4', 'Horsepower': '228 @ 4500 RPM HP', 'Engine': '4-Cyl, Turbo, 2.0 Liter'}, 'TTS': {'Combined Fuel Economy': '25 MPG', 'Seating': 'Seats 4', 'Horsepower': '288 @ 5400 RPM HP', 'Engine': '4-Cyl, Turbo, 2.0 Liter'}, 'RS': {'Combined Fuel Economy': '23 MPG', 'Seating': 'Seats 4', 'Horsepower': '394 hp HP', 'Engine': '5-Cyl, Turbo, 2.5 Liter'}}}",{'Coupe': 'https://file.kelleybluebookimages.com/kbb/base/evox/CP/13559/2020-Audi-TT-front_13559_032_1847x786_0E_cropped.png?interpolation=high-quality&downsize=391:*'}
2020,BMW,2 Series,"['Coupe', 'Sedan', 'Convertible']",,
2020,BMW,3 Series,['Sedan'],"{'Sedan': {'330i xDrive': {'Horsepower': '254 @ 5000 rpm HP', 'Engine': '4-Cyl, Turbo, 2.0 Liter', 'Combined Fuel Economy': '28 MPG', 'Seating': 'Seats 5'}, 'M340i xDrive': {'Horsepower': '382 @ 5800 rpm HP', 'Engine': '6-Cyl, Turbo, 3.0 Liter', 'Combined Fuel Economy': '25 MPG', 'Seating': 'Seats 5'}, 'M340i': {'Horsepower': '382 @ 5800 rpm HP', 'Engine': '6-Cyl, Turbo, 3.0 Liter', 'Combined Fuel Economy': '25 MPG', 'Seating': 'Seats 5'}, '330i': {'Horsepower': '254 @ 5000 rpm HP', 'Engine': '4-Cyl, Turbo, 2.0 Liter', 'Combined Fuel Economy': '30 MPG', 'Seating': 'Seats 5'}}}",{'Sedan': 'https://file.kelleybluebookimages.com/kbb/base/evox/ExtSpP/13482/2020-BMW-3%20Series-360SpinFrame_13482_032_2400x1800.png?interpolation=high-quality&downsize=391:*'}
2020,BMW,4 Series,"['Coupe', 'Sedan', 'Convertible']","{'Coupe': {'430i': {'Combined Fuel Economy': '27 MPG', 'Seating': 'Seats 4', 'Horsepower': '248 @ 5200 RPM HP', 'Engine': '4-Cyl, Turbo, SULEV, 2.0 Liter'}, '430i xDrive': {'Combined Fuel Economy': '24 MPG', 'Seating': 'Seats 4', 'Horsepower': '248 @ 5200 RPM HP', 'Engine': '4-Cyl, Turbo, SULEV, 2.0 Liter'}, '440i': {'Combined Fuel Economy': '25 MPG', 'Seating': 'Seats 4', 'Horsepower': '322 @ 5500 RPM HP', 'Engine': '6-Cyl, Turbo, 3.0 Liter'}, '440i xDrive': {'Combined Fuel Economy': '25 MPG', 'Seating': 'Seats 4', 'Horsepower': '322 @ 5500 RPM HP', 'Engine': '6-Cyl, Turbo, 3.0 Liter'}}, 'Sedan': {'430i Gran Coupe': {'Combined Fuel Economy': '27 MPG', 'Seating': 'Seats 5', 'Horsepower': '248 @ 5200 RPM HP', 'Engine': '4-Cyl, Turbo, SULEV, 2.0 Liter'}, '430i xDrive Gran Coupe': {'Combined Fuel Economy': '24 MPG', 'Seating': 'Seats 5', 'Horsepower': '248 @ 5200 RPM HP', 'Engine': '4-Cyl, Turbo, SULEV, 2.0 Liter'}, '440i Gran Coupe': {'Combined Fuel Economy': '25 MPG', 'Seating': 'Seats 5', 'Horsepower': '322 @ 5500 RPM HP', 'Engine': '6-Cyl, Turbo, 3.0 Liter'}, '440i xDrive Gran Coupe': {'Combined Fuel Economy': '25 MPG', 'Seating': 'Seats 5', 'Horsepower': '322 @ 5500 RPM HP', 'Engine': '6-Cyl, Turbo, 3.0 Liter'}}, 'Convertible': {'430i': {'Combined Fuel Economy': '27 MPG', 'Seating': 'Seats 4', 'Horsepower': '248 @ 5200 RPM HP', 'Engine': '4-Cyl, Turbo, SULEV, 2.0 Liter'}, '430i xDrive': {'Combined Fuel Economy': '26 MPG', 'Seating': 'Seats 4', 'Horsepower': '248 @ 5200 RPM HP', 'Engine': '4-Cyl, Turbo, SULEV, 2.0 Liter'}, '440i': {'Combined Fuel Economy': '24 MPG', 'Seating': 'Seats 4', 'Horsepower': '322 @ 5500 RPM HP', 'Engine': '6-Cyl, Turbo, 3.0 Liter'}, '440i xDrive': {'Combined Fuel Economy': '23 MPG', 'Seating': 'Seats 4', 'Horsepower': '322 @ 5500 RPM HP', 'Engine': '6-Cyl, Turbo, 3.0 Liter'}}}","{'Coupe': 'https://file.kelleybluebookimages.com/kbb/base/evox/CP/13778/2020-BMW-4%20Series-front_13778_032_1840x743_B39_cropped.png?interpolation=high-quality&downsize=391:*', 'Sedan': 'https://file.kelleybluebookimages.com/kbb/base/evox/CP/13781/2020-BMW-4%20Series-front_13781_032_1847x753_B39_cropped.png?interpolation=high-quality&downsize=391:*', 'Convertible': 'https://file.kelleybluebookimages.com/kbb/base/evox/CP/13632/2020-BMW-4%20Series-front_13632_032_1838x729_B45_cropped.png?interpolation=high-quality&downsize=391:*'}"
2020,BMW,5 Series,['Sedan'],,
2020,BMW,7 Series,['Sedan'],"{'Sedan': {'750i xDrive': {'Horsepower': '523 @ 5500 rpm HP', 'Engine': 'V8, Twin Turbo, 4.4 Liter', 'Combined Fuel Economy': '20 MPG', 'Seating': 'Seats 5'}, '740i': {'Horsepower': '335 @ 5500 rpm HP', 'Engine': '6-Cyl, Twin Turbo, 3.0 Liter', 'Combined Fuel Economy': '24 MPG', 'Seating': 'Seats 5'}, '745e xDrive': {'Horsepower': '280 @ 5000 rpm HP', 'Engine': '6-Cyl, Hybrid, Turbo, 3.0 Liter', 'Combined Fuel Economy': '22 MPG | 56 MPGe', 'Seating': 'Seats 5'}, '740i xDrive': {'Horsepower': '335 @ 5500 rpm HP', 'Engine': '6-Cyl, Twin Turbo, 3.0 Liter', 'Combined Fuel Economy': '23 MPG', 'Seating': 'Seats 5'}, 'ALPINA B7 xDrive': {'Horsepower': '600 @ 5500 rpm HP', 'Engine': 'V8, Twin Turbo, 4.4 Liter', 'Seating': 'Seats 5', 'Combined Fuel Economy': '16 MPG'}, 'M760i xDrive': {'Horsepower': '600 @ 5500 rpm HP', 'Engine': 'V12, Twin Turbo, 6.6 Liter', 'Seating': 'Seats 5'}}}",{'Sedan': 'https://file.kelleybluebookimages.com/kbb/base/house/2020/2020-BMW-7%20Series-FrontSide_BM7S1901_640x480.jpg?interpolation=high-quality&downsize=391:*'}
2020,BMW,8 Series,"['Coupe', 'Convertible', 'Sedan']",,
2020,BMW,M2,['Coupe'],"{'Coupe': {'Base Style': {'Combined Fuel Economy': '20 MPG', 'Seating': 'Seats 4', 'Horsepower': '405 @ 5230 RPM HP', 'Engine': '6-Cyl, Twin Turbo, 3.0 Liter'}}}",{'Coupe': 'https://file.kelleybluebookimages.com/kbb/base/evox/CP/13862/2020-BMW-M2-front_13862_032_1832x778_C1X_cropped.png?interpolation=high-quality&downsize=391:*'}
2020,BMW,X1,['SUV'],"{'SUV': {'sDrive28i': {'Combined Fuel Economy': '27 MPG', 'Seating': 'Seats 5', 'Horsepower': '228 @ 5000 RPM HP', 'Engine': '4-Cyl, Turbo, 2.0 Liter'}, 'xDrive28i': {'Combined Fuel Economy': '26 MPG', 'Seating': 'Seats 5', 'Horsepower': '228 @ 5000 RPM HP', 'Engine': '4-Cyl, Turbo, 2.0 Liter'}}}",{'SUV': 'https://file.kelleybluebookimages.com/kbb/base/evox/CP/14173/2020-BMW-X1-front_14173_032_1854x872_A83_cropped.png?interpolation=high-quality&downsize=391:*'}
2020,BMW,X2,['SUV'],"{'SUV': {'sDrive28i': {'Combined Fuel Economy': '27 MPG', 'Seating': 'Seats 5', 'Horsepower': '228 @ 5000 RPM HP', 'Engine': '4-Cyl, Turbo, 2.0 Liter'}, 'xDrive28i': {'Combined Fuel Economy': '27 MPG', 'Seating': 'Seats 5', 'Horsepower': '228 @ 5000 RPM HP', 'Engine': '4-Cyl, Turbo, 2.0 Liter'}, 'M35i': {'Combined Fuel Economy': '26 MPG', 'Seating': 'Seats 5', 'Horsepower': '301 @ 5000 RPM HP', 'Engine': '4-Cyl, Turbo, 2.0 Liter'}}}",{'SUV': 'https://file.kelleybluebookimages.com/kbb/base/evox/CP/12703/2020-BMW-X2-front_12703_032_1861x851_C10_cropped.png?interpolation=high-quality&downsize=391:*'}
2020,BMW,X3,['SUV'],"{'SUV': {'sDrive30i': {'Combined Fuel Economy': '27 MPG', 'Seating': 'Seats 5', 'Horsepower': '248 @ 5200 RPM HP', 'Engine': '4-Cyl, Turbo, 2.0 Liter'}, 'xDrive30i': {'Combined Fuel Economy': '26 MPG', 'Seating': 'Seats 5', 'Horsepower': '248 @ 5200 RPM HP', 'Engine': '4-Cyl, Turbo, 2.0 Liter'}, 'M40i': {'Combined Fuel Economy': '23 MPG', 'Seating': 'Seats 5', 'Horsepower': '382 @ 5800 RPM HP', 'Engine': '6-Cyl, Twin Turbo, 3.0 Liter'}}}",{'SUV': 'https://file.kelleybluebookimages.com/kbb/base/evox/CP/12808/2020-BMW-X3-front_12808_032_1876x870_475_cropped.png?interpolation=high-quality&downsize=391:*'}
2020,BMW,X3 M,['SUV'],,
2020,BMW,X4,['SUV'],"{'SUV': {'xDrive30i': {'Combined Fuel Economy': '25 MPG', 'Seating': 'Seats 5', 'Horsepower': '248 @ 5200 RPM HP', 'Engine': '4-Cyl, Turbo, 2.0 Liter'}, 'M40i': {'Combined Fuel Economy': '23 MPG', 'Seating': 'Seats 5', 'Horsepower': '382 @ 5800 RPM HP', 'Engine': '6-Cyl, Twin Turbo, 3.0 Liter'}}}",{'SUV': 'https://file.kelleybluebookimages.com/kbb/base/evox/CP/13895/2020-BMW-X4-front_13895_032_1843x828_C1M_cropped.png?interpolation=high-quality&downsize=391:*'}
2020,BMW,X5,['SUV'],"{'SUV': {'M50i': {'Horsepower': '523 hp HP', 'Engine': 'V8, Twin Turbo, 4.4 Liter', 'Seating': 'Seats 7'}, 'xDrive40i': {'Horsepower': '335 @ 5500 rpm HP', 'Engine': '6-Cyl, Turbo, 3.0 Liter', 'Seating': 'Seats 7', 'Combined Fuel Economy': '18 MPG'}, 'xDrive50i': {'Horsepower': '456 @ 5250 rpm HP', 'Engine': 'V8, Twin Turbo, 4.4 Liter', 'Seating': 'Seats 7', 'Combined Fuel Economy': '18 MPG'}, 'sDrive40i': {'Horsepower': '335 @ 5500 rpm HP', 'Engine': '6-Cyl, Turbo, 3.0 Liter', 'Seating': 'Seats 7', 'Combined Fuel Economy': '22 MPG'}}}",{'SUV': 'https://file.kelleybluebookimages.com/kbb/base/evox/ExtSpP/13155/2020-BMW-X5-360SpinFrame_13155_032_2400x1800.png?interpolation=high-quality&downsize=391:*'}
2020,BMW,X6,['SUV'],,
2020,BMW,X7,['SUV'],"{'SUV': {'xDrive40i': {'Combined Fuel Economy': '22 MPG', 'Seating': 'Seats 7', 'Horsepower': '335 @ 5500 RPM HP', 'Engine': 'V6, Turbo, 3.0 Liter'}, 'xDrive50i': {'Combined Fuel Economy': '17 MPG', 'Seating': 'Seats 7', 'Horsepower': '456 @ 5250 RPM HP', 'Engine': 'V8, Twin Turbo, 4.4 Liter'}, 'M50i': {'Combined Fuel Economy': '17 MPG', 'Seating': 'Seats 7', 'Horsepower': '523 @ 5500 RPM HP', 'Engine': 'V8, Twin Turbo, 4.4 Liter'}}}",{'SUV': 'https://file.kelleybluebookimages.com/kbb/base/evox/CP/13733/2020-BMW-X7-front_13733_032_1841x882_C27_cropped.png?interpolation=high-quality&downsize=391:*'}
2020,BMW,Z4,['Convertible'],,
2020,Buick,Enclave,['SUV'],,
2020,Buick,Encore,['SUV'],,
2020,Buick,Encore GX,['SUV'],,
2020,Buick,Envision,['SUV'],,
2020,Buick,Regal Sportback,['Sedan'],,
2020,Buick,Regal TourX,['Wagon'],,
2020,Cadillac,CT4,['Sedan'],,
2020,Cadillac,CT5,['Sedan'],,
2020,Cadillac,CT6,['Sedan'],,
2020,Cadillac,CT6-V,['Sedan'],,
2020,Cadillac,Escalade,['SUV'],,
2020,Cadillac,Escalade ESV,['SUV'],,
2020,Cadillac,XT4,['SUV'],,
2020,Cadillac,XT5,['SUV'],,
2020,Cadillac,XT6,['SUV'],,
2020,Chevrolet,Blazer,['SUV'],,
2020,Chevrolet,Bolt EV,['Hatchback'],,
2020,Chevrolet,Camaro,"['Convertible', 'Coupe']",,
2020,Chevrolet,Colorado Crew Cab,['Pickup'],,
2020,Chevrolet,Colorado Extended Cab,['Pickup'],,
2020,Chevrolet,Corvette,"['Coupe', 'Convertible']",,
2020,Chevrolet,Equinox,['SUV'],,
2020,Chevrolet,Express 2500 Cargo,['Van/Minivan'],,
2020,Chevrolet,Express 3500 Cargo,['Van/Minivan'],,
2020,Chevrolet,Impala,['Sedan'],,
2020,Chevrolet,Malibu,['Sedan'],,
2020,Chevrolet,Silverado 1500 Crew Cab,['Pickup'],,
2020,Chevrolet,Silverado 1500 Double Cab,['Pickup'],,
2020,Chevrolet,Silverado 1500 Regular Cab,['Pickup'],,
2020,Chevrolet,Silverado 2500 HD Crew Cab,['Pickup'],,
2020,Chevrolet,Silverado 2500 HD Double Cab,['Pickup'],,
2020,Chevrolet,Silverado 3500 HD Crew Cab,['Pickup'],,
2020,Chevrolet,Sonic,"['Sedan', 'Hatchback']",,
2020,Chevrolet,Spark,['Hatchback'],,
2020,Chevrolet,Suburban,['SUV'],,
2020,Chevrolet,Tahoe,['SUV'],,
2020,Chevrolet,Traverse,['SUV'],,
2020,Chevrolet,Trax,['SUV'],,
2020,Chrysler,300,['Sedan'],,
2020,Chrysler,Pacifica,['Van/Minivan'],,
2020,Chrysler,Pacifica Hybrid,['Van/Minivan'],,
2020,Chrysler,Voyager,['Van/Minivan'],,
2020,Dodge,Challenger,['Coupe'],,
2020,Dodge,Charger,['Sedan'],,
2020,Dodge,Durango,['SUV'],,
2020,Dodge,Grand Caravan Passenger,['Van/Minivan'],,
2020,Dodge,Journey,['SUV'],,
2020,FIAT,124 Spider,['Convertible'],,
2020,FIAT,500L,['Hatchback'],,
2020,FIAT,500X,['SUV'],,
2020,Ford,EcoSport,['SUV'],,
2020,Ford,Edge,['SUV'],,
2020,Ford,Escape,['SUV'],,
2020,Ford,Expedition,['SUV'],,
2020,Ford,Expedition MAX,['SUV'],,
2020,Ford,Explorer,['SUV'],,
2020,Ford,F150 Regular Cab,['Pickup'],,
2020,Ford,F150 Super Cab,['Pickup'],,
2020,Ford,F150 SuperCrew Cab,['Pickup'],,
2020,Ford,F250 Super Duty Crew Cab,['Pickup'],,
2020,Ford,F250 Super Duty Regular Cab,['Pickup'],,
2020,Ford,F250 Super Duty Super Cab,['Pickup'],,
2020,Ford,F350 Super Duty Crew Cab,['Pickup'],,
2020,Ford,F350 Super Duty Super Cab,['Pickup'],,
2020,Ford,F450 Super Duty Crew Cab,['Pickup'],,
2020,Ford,Fusion,['Sedan'],,
2020,Ford,Fusion Plug-in Hybrid,['Sedan'],,
2020,Ford,Mustang,"['Coupe', 'Convertible']",,
2020,Ford,Ranger SuperCab,['Pickup'],,
2020,Ford,Ranger SuperCrew,['Pickup'],,
2020,Ford,Transit 250 Cargo Van,['Van/Minivan'],,
2020,Ford,Transit 350 Passenger Van,['Van/Minivan'],,
2020,Ford,Transit Connect Cargo Van,['Van/Minivan'],,
2020,Ford,Transit Connect Passenger Wagon,['Van/Minivan'],,
2020,Freightliner,Sprinter 1500 Cargo,['Van/Minivan'],,
2020,Freightliner,Sprinter 1500 Passenger,['Van/Minivan'],,
2020,Freightliner,Sprinter 2500 Cargo,['Van/Minivan'],,
2020,Freightliner,Sprinter 2500 Crew,['Van/Minivan'],,
2020,Freightliner,Sprinter 2500 Passenger,['Van/Minivan'],,
2020,Freightliner,Sprinter 3500 Cargo,['Van/Minivan'],,
2020,Freightliner,Sprinter 3500 Crew,['Van/Minivan'],,
2020,Freightliner,Sprinter 3500 XD Crew,['Van/Minivan'],,
2020,Freightliner,Sprinter 3500XD Cargo,['Van/Minivan'],,
2020,Freightliner,Sprinter 4500 Cargo,['Van/Minivan'],,
2020,Freightliner,Sprinter 4500 Crew,['Van/Minivan'],,
2020,Genesis,G70,['Sedan'],,
2020,Genesis,G80,['Sedan'],,
2020,Genesis,G90,['Sedan'],,
2020,GMC,Acadia,['SUV'],,
2020,GMC,Canyon Crew Cab,['Pickup'],,
2020,GMC,Sierra 1500 Crew Cab,['Pickup'],,
2020,GMC,Sierra 1500 Double Cab,['Pickup'],,
2020,GMC,Sierra 1500 Regular Cab,['Pickup'],,
2020,GMC,Sierra 2500 HD Crew Cab,['Pickup'],,
2020,GMC,Sierra 3500 HD Crew Cab,['Pickup'],,
2020,GMC,Terrain,['SUV'],,
2020,GMC,Yukon,['SUV'],,
2020,GMC,Yukon XL,['SUV'],,
2020,Honda,Accord,['Sedan'],,
2020,Honda,Accord Hybrid,['Sedan'],,
2020,Honda,Civic,"['Hatchback', 'Coupe', 'Sedan']",,
2020,Honda,Civic Type R,['Hatchback'],,
2020,Honda,Clarity Fuel Cell,['Sedan'],,
2020,Honda,Clarity Plug-in Hybrid,['Sedan'],,
2020,Honda,CR-V,['SUV'],,
2020,Honda,CR-V Hybrid,['SUV'],,
2020,Honda,Fit,['Hatchback'],,
2020,Honda,HR-V,['SUV'],,
2020,Honda,Insight,['Sedan'],,
2020,Honda,Odyssey,['Van/Minivan'],,
2020,Honda,Passport,['SUV'],,
2020,Honda,Pilot,['SUV'],,
2020,Honda,Ridgeline,['Pickup'],,
2020,Hyundai,Accent,['Sedan'],,
2020,Hyundai,Elantra,['Sedan'],,
2020,Hyundai,Elantra GT,['Hatchback'],,
2020,Hyundai,Ioniq Electric,['Hatchback'],,
2020,Hyundai,Ioniq Hybrid,['Hatchback'],,
2020,Hyundai,Ioniq Plug-in Hybrid,['Hatchback'],,
2020,Hyundai,Kona,['SUV'],,
2020,Hyundai,Kona Electric,['SUV'],,
2020,Hyundai,NEXO,['SUV'],,
2020,Hyundai,Palisade,['SUV'],,
2020,Hyundai,Santa Fe,['SUV'],,
2020,Hyundai,Sonata,['Sedan'],,
2020,Hyundai,Sonata Hybrid,['Sedan'],,
2020,Hyundai,Tucson,['SUV'],,
2020,Hyundai,Veloster,['Coupe'],,
2020,Hyundai,Venue,['SUV'],,
2020,INFINITI,Q50,['Sedan'],,
2020,INFINITI,Q60,['Coupe'],,
2020,INFINITI,QX50,['SUV'],,
2020,INFINITI,QX60,['SUV'],,
2020,INFINITI,QX80,['SUV'],,
2020,Jaguar,E-PACE,['SUV'],,
2020,Jaguar,F-PACE,['SUV'],,
2020,Jaguar,F-TYPE,"['Coupe', 'Convertible']",,
2020,Jaguar,I-PACE,['SUV'],,
2020,Jaguar,XE,['Sedan'],,
2020,Jaguar,XF,"['Sedan', 'Wagon']",,
2020,Jeep,Cherokee,['SUV'],,
2020,Jeep,Compass,['SUV'],,
2020,Jeep,Gladiator,['Pickup'],,
2020,Jeep,Grand Cherokee,['SUV'],,
2020,Jeep,Renegade,['SUV'],,
2020,Jeep,Wrangler,['SUV'],,
2020,Jeep,Wrangler Unlimited,['SUV'],,
2020,Kia,Cadenza,['Sedan'],,
2020,Kia,Forte,['Sedan'],,
2020,Kia,K900,['Sedan'],,
2020,Kia,Niro,['Wagon'],,
2020,Kia,Niro EV,['Wagon'],,
2020,Kia,Niro Plug-in Hybrid,['Wagon'],,
2020,Kia,Optima,['Sedan'],,
2020,Kia,Optima Hybrid,['Sedan'],,
2020,Kia,Optima Plug-in Hybrid,['Sedan'],,
2020,Kia,Rio,"['Sedan', 'Hatchback']",,
2020,Kia,Sedona,['Van/Minivan'],,
2020,Kia,Sorento,['SUV'],,
2020,Kia,Soul,['Wagon'],,
2020,Kia,Sportage,['SUV'],,
2020,Kia,Stinger,['Sedan'],,
2020,Kia,Telluride,['SUV'],,
2020,Land Rover,Defender 110,['SUV'],,
2020,Land Rover,Defender 90,['SUV'],,
2020,Land Rover,Discovery,['SUV'],,
2020,Land Rover,Discovery Sport,['SUV'],,
2020,Land Rover,Range Rover,['SUV'],,
2020,Land Rover,Range Rover Evoque,['SUV'],,
2020,Land Rover,Range Rover Sport,['SUV'],,
2020,Land Rover,Range Rover Velar,['SUV'],,
2020,Lexus,ES,['Sedan'],,
2020,Lexus,GS,['Sedan'],,
2020,Lexus,GX,['SUV'],,
2020,Lexus,IS,['Sedan'],,
2020,Lexus,LC,['Coupe'],,
2020,Lexus,LS,['Sedan'],,
2020,Lexus,LX,['SUV'],,
2020,Lexus,NX,['SUV'],,
2020,Lexus,RC,['Coupe'],,
2020,Lexus,RX,['SUV'],,
2020,Lexus,UX,['SUV'],,
2020,Lincoln,Aviator,['SUV'],,
2020,Lincoln,Continental,['Sedan'],,
2020,Lincoln,Corsair,['SUV'],,
2020,Lincoln,MKZ,['Sedan'],,
2020,Lincoln,Nautilus,['SUV'],,
2020,Lincoln,Navigator,['SUV'],,
2020,Lincoln,Navigator L,['SUV'],,
2020,MAZDA,CX-3,['SUV'],,
2020,MAZDA,CX-30,['SUV'],,
2020,MAZDA,CX-5,['SUV'],,
2020,MAZDA,CX-9,['SUV'],,
2020,MAZDA,MAZDA3,"['Sedan', 'Hatchback']",,
2020,MAZDA,MAZDA6,['Sedan'],,
2020,MAZDA,MX-5 Miata,['Convertible'],,
2020,MAZDA,MX-5 Miata RF,['Convertible'],,
2020,Mercedes-Benz,A-Class,['Sedan'],,
2020,Mercedes-Benz,C-Class,"['Sedan', 'Convertible', 'Coupe']",,
2020,Mercedes-Benz,CLA,['Sedan'],,
2020,Mercedes-Benz,CLS,['Sedan'],,
2020,Mercedes-Benz,E-Class,"['Sedan', 'Coupe', 'Wagon', 'Convertible']",,
2020,Mercedes-Benz,G-Class,['SUV'],,
2020,Mercedes-Benz,GLA,['SUV'],,
2020,Mercedes-Benz,GLB,['SUV'],,
2020,Mercedes-Benz,GLC,['SUV'],,
2020,Mercedes-Benz,GLE,['SUV'],,
2020,Mercedes-Benz,GLS,['SUV'],,
2020,Mercedes-Benz,Mercedes-AMG A-Class,['Sedan'],,
2020,Mercedes-Benz,Mercedes-AMG C-Class,"['Sedan', 'Coupe', 'Convertible']",,
2020,Mercedes-Benz,Mercedes-AMG CLS,['Sedan'],,
2020,Mercedes-Benz,Mercedes-AMG GLC,['SUV'],,
2020,Mercedes-Benz,Mercedes-AMG GLC Coupe,['SUV'],,
2020,Mercedes-Benz,Metris WORKER Cargo,['Van/Minivan'],,
2020,Mercedes-Benz,Metris WORKER Passenger,['Van/Minivan'],,
2020,Mercedes-Benz,S-Class,"['Sedan', 'Coupe', 'Convertible']",,
2020,Mercedes-Benz,SLC,['Convertible'],,
2020,Mercedes-Benz,Sprinter 1500 Cargo,['Van/Minivan'],,
2020,Mercedes-Benz,Sprinter 1500 Passenger,['Van/Minivan'],,
2020,Mercedes-Benz,Sprinter 2500 Cargo,['Van/Minivan'],,
2020,Mercedes-Benz,Sprinter 2500 Crew,['Van/Minivan'],,
2020,Mercedes-Benz,Sprinter 2500 Passenger,['Van/Minivan'],,
2020,Mercedes-Benz,Sprinter 3500 Cargo,['Van/Minivan'],,
2020,Mercedes-Benz,Sprinter 3500 Crew,['Van/Minivan'],,
2020,Mercedes-Benz,Sprinter 3500 XD Cargo,['Van/Minivan'],,
2020,Mercedes-Benz,Sprinter 3500 XD Crew,['Van/Minivan'],,
2020,Mercedes-Benz,Sprinter 4500 Cargo,['Van/Minivan'],,
2020,Mercedes-Benz,Sprinter 4500 Crew,['Van/Minivan'],,
2020,MINI,Clubman,['Hatchback'],,
2020,MINI,Countryman,['SUV'],,
2020,MINI,Hardtop 2 Door,['Hatchback'],,
2020,MINI,Hardtop 4 Door,['Hatchback'],,
2020,Mitsubishi,Eclipse Cross,['SUV'],,
2020,Mitsubishi,Mirage,['Hatchback'],,
2020,Mitsubishi,Mirage G4,['Sedan'],,
2020,Mitsubishi,Outlander,['SUV'],,
2020,Mitsubishi,Outlander PHEV,['SUV'],,
2020,Mitsubishi,Outlander Sport,['SUV'],,
2020,Nissan,370Z,['Coupe'],,
2020,Nissan,Altima,['Sedan'],,
2020,Nissan,Armada,['SUV'],,
2020,Nissan,Frontier Crew Cab,['Pickup'],,
2020,Nissan,Frontier King Cab,['Pickup'],,
2020,Nissan,GT-R,['Coupe'],,
2020,Nissan,Kicks,['SUV'],,
2020,Nissan,LEAF,['Hatchback'],,
2020,Nissan,Maxima,['Sedan'],,
2020,Nissan,Murano,['SUV'],,
2020,Nissan,NV1500 Cargo,['Van/Minivan'],,
2020,Nissan,NV200,['Van/Minivan'],,
2020,Nissan,NV2500 HD Cargo,['Van/Minivan'],,
2020,Nissan,NV3500 HD Cargo,['Van/Minivan'],,
2020,Nissan,NV3500 HD Passenger,['Van/Minivan'],,
2020,Nissan,Pathfinder,['SUV'],,
2020,Nissan,Rogue,['SUV'],,
2020,Nissan,Rogue Sport,['SUV'],,
2020,Nissan,Sentra,['Sedan'],,
2020,Nissan,Titan Crew Cab,['Pickup'],,
2020,Nissan,Titan King Cab,['Pickup'],,
2020,Nissan,TITAN XD Crew Cab,['Pickup'],,
2020,Nissan,Versa,['Sedan'],,
2020,Porsche,718 Boxster,['Convertible'],,
2020,Porsche,718 Cayman,['Coupe'],,
2020,Porsche,718 Spyder,['Convertible'],,
2020,Porsche,911,"['Convertible', 'Coupe']",,
2020,Porsche,Cayenne,['SUV'],,
2020,Porsche,Cayenne Coupe,['SUV'],,
2020,Porsche,Macan,['SUV'],,
2020,Porsche,Panamera,['Sedan'],,
2020,Porsche,Taycan,['Sedan'],,
2020,Ram,1500 Classic Crew Cab,['Pickup'],,
2020,Ram,1500 Classic Quad Cab,['Pickup'],,
2020,Ram,1500 Crew Cab,['Pickup'],,
2020,Ram,1500 Quad Cab,['Pickup'],,
2020,Ram,2500 Crew Cab,['Pickup'],,
2020,Ram,3500 Crew Cab,['Pickup'],,
2020,Ram,ProMaster Cargo Van,['Van/Minivan'],,
2020,Ram,ProMaster City,['Van/Minivan'],,
2020,Subaru,Ascent,['SUV'],,
2020,Subaru,BRZ,['Coupe'],,
2020,Subaru,Crosstrek,['SUV'],,
2020,Subaru,Forester,['SUV'],,
2020,Subaru,Impreza,"['Wagon', 'Sedan']",,
2020,Subaru,Legacy,['Sedan'],,
2020,Subaru,Outback,['SUV'],,
2020,Subaru,WRX,['Sedan'],,
2020,Tesla,Model 3,['Sedan'],,
2020,Tesla,Model S,['Sedan'],,
2020,Tesla,Model X,['SUV'],,
2020,Tesla,Model Y,['SUV'],,
2020,Toyota,4Runner,['SUV'],,
2020,Toyota,86,['Coupe'],,
2020,Toyota,Avalon,['Sedan'],,
2020,Toyota,Avalon Hybrid,['Sedan'],,
2020,Toyota,Camry,['Sedan'],,
2020,Toyota,Camry Hybrid,['Sedan'],,
2020,Toyota,C-HR,['SUV'],,
2020,Toyota,Corolla,['Sedan'],,
2020,Toyota,Corolla Hatchback,['Hatchback'],,
2020,Toyota,Corolla Hybrid,['Sedan'],,
2020,Toyota,GR Supra,['Coupe'],,
2020,Toyota,Highlander,['SUV'],,
2020,Toyota,Highlander Hybrid,['SUV'],,
2020,Toyota,Land Cruiser,['SUV'],,
2020,Toyota,Mirai,['Sedan'],,
2020,Toyota,Prius,['Hatchback'],,
2020,Toyota,Prius Prime,['Hatchback'],,
2020,Toyota,RAV4,['SUV'],,
2020,Toyota,RAV4 Hybrid,['SUV'],,
2020,Toyota,Sequoia,['SUV'],,
2020,Toyota,Sienna,['Van/Minivan'],,
2020,Toyota,Tacoma Access Cab,['Pickup'],,
2020,Toyota,Tacoma Double Cab,['Pickup'],,
2020,Toyota,Tundra CrewMax,['Pickup'],,
2020,Toyota,Tundra Double Cab,['Pickup'],,
2020,Toyota,Yaris,['Sedan'],,
2020,Toyota,Yaris Hatchback,['Hatchback'],,
2020,Volkswagen,Arteon,['Sedan'],,
2020,Volkswagen,Atlas,['SUV'],,
2020,Volkswagen,Atlas Cross Sport,['SUV'],,
2020,Volkswagen,Golf,['Hatchback'],,
2020,Volkswagen,Golf GTI,['Hatchback'],,
2020,Volkswagen,Jetta,['Sedan'],,
2020,Volkswagen,Jetta GLI,['Sedan'],,
2020,Volkswagen,Passat,['Sedan'],,
2020,Volkswagen,Tiguan,['SUV'],,
2020,Volvo,S60,['Sedan'],,
2020,Volvo,S90,['Sedan'],,
2020,Volvo,V60,['Wagon'],,
2020,Volvo,V90,['Wagon'],,
2020,Volvo,XC40,['SUV'],,
2020,Volvo,XC60,['SUV'],,
2020,Volvo,XC90,['SUV'],,
